video,s predict,l predict,real
D:\project\crop_data\test_set\Celeb-real-crop\id43_0009,0.8533575,0.77042174,0
D:\project\crop_data\test_set\Celeb-real-crop\id44_0000,0.6871268,0.06444671,0
D:\project\crop_data\test_set\Celeb-real-crop\id44_0001,0.25345433,0.38546678,0
D:\project\crop_data\test_set\Celeb-real-crop\id44_0002,0.8751311,0.5692458,0
D:\project\crop_data\test_set\Celeb-real-crop\id44_0004,0.50451684,0.17831555,0
D:\project\crop_data\test_set\Celeb-real-crop\id44_0003,0.06901261,0.26658508,0
D:\project\crop_data\test_set\Celeb-real-crop\id45_0000,0.3267862,0.22868037,0
D:\project\crop_data\test_set\Celeb-real-crop\id45_0004,0.7670228,0.077574335,0
D:\project\crop_data\test_set\Celeb-real-crop\id45_0001,0.77957284,0.490816,0
D:\project\crop_data\test_set\Celeb-real-crop\id45_0002,0.69746006,0.21966593,0
D:\project\crop_data\test_set\Celeb-real-crop\id45_0003,0.47215724,0.27256516,0
D:\project\crop_data\test_set\Celeb-real-crop\id45_0005,0.69156253,0.23294127,0
D:\project\crop_data\test_set\Celeb-real-crop\id45_0006,0.45009902,0.22763129,0
D:\project\crop_data\test_set\Celeb-real-crop\id45_0007,0.30274805,0.21005183,0
D:\project\crop_data\test_set\Celeb-real-crop\id44_0005,0.5652995,0.0072038765,0
D:\project\crop_data\test_set\Celeb-real-crop\id45_0009,0.60009074,0.3152815,0
D:\project\crop_data\test_set\Celeb-real-crop\id45_0008,0.118641116,0.61598694,0
D:\project\crop_data\test_set\Celeb-real-crop\id46_0003,0.8114935,0.8923307,0
D:\project\crop_data\test_set\Celeb-real-crop\id46_0002,0.22635916,0.75070137,0
D:\project\crop_data\test_set\Celeb-real-crop\id46_0000,0.94673526,0.5256911,0
D:\project\crop_data\test_set\Celeb-real-crop\id46_0001,0.3264611,0.27769023,0
D:\project\crop_data\test_set\Celeb-real-crop\id46_0004,0.833753,0.146634,0
D:\project\crop_data\test_set\Celeb-real-crop\id46_0005,0.4875955,0.069528416,0
D:\project\crop_data\test_set\Celeb-real-crop\id46_0006,0.12145837,0.002289615,0
D:\project\crop_data\test_set\Celeb-real-crop\id46_0007,0.9231208,0.36053705,0
D:\project\crop_data\test_set\Celeb-real-crop\id46_0009,0.96554446,0.97537714,0
D:\project\crop_data\test_set\Celeb-real-crop\id46_0008,0.7263604,0.17643401,0
D:\project\crop_data\test_set\Celeb-real-crop\id47_0003,0.38400742,0.16134252,0
D:\project\crop_data\test_set\Celeb-real-crop\id47_0001,0.25172895,0.34229538,0
D:\project\crop_data\test_set\Celeb-real-crop\id47_0002,0.030730413,0.06523607,0
D:\project\crop_data\test_set\Celeb-real-crop\id47_0000,0.18497002,0.15383035,0
D:\project\crop_data\test_set\Celeb-real-crop\id47_0004,0.61666745,0.31405595,0
D:\project\crop_data\test_set\Celeb-real-crop\id47_0005,0.52512056,0.9551654,0
D:\project\crop_data\test_set\Celeb-real-crop\id47_0006,0.97517514,0.15489167,0
D:\project\crop_data\test_set\Celeb-real-crop\id47_0007,0.37767968,0.046105623,0
D:\project\crop_data\test_set\Celeb-real-crop\id47_0009,0.6997752,0.00038880558,0
D:\project\crop_data\test_set\Celeb-real-crop\id47_0008,0.75540143,0.9655829,0
D:\project\crop_data\test_set\Celeb-real-crop\id48_0001,0.20620207,0.0927155,0
D:\project\crop_data\test_set\Celeb-real-crop\id48_0000,0.715913,0.11036839,0
D:\project\crop_data\test_set\Celeb-real-crop\id48_0002,0.026900403,0.66017187,0
D:\project\crop_data\test_set\Celeb-real-crop\id48_0003,0.11899239,0.008728974,0
D:\project\crop_data\test_set\Celeb-real-crop\id48_0004,0.089940034,0.31953993,0
D:\project\crop_data\test_set\Celeb-real-crop\id48_0005,0.21302116,0.29659274,0
D:\project\crop_data\test_set\Celeb-real-crop\id48_0006,0.7977393,0.03792037,0
D:\project\crop_data\test_set\Celeb-real-crop\id48_0007,0.32458144,0.0263862,0
D:\project\crop_data\test_set\Celeb-real-crop\id48_0008,0.464808,0.7815195,0
D:\project\crop_data\test_set\Celeb-real-crop\id48_0009,0.5355386,0.31274593,0
D:\project\crop_data\test_set\Celeb-real-crop\id49_0003,0.0735094,0.36516178,0
D:\project\crop_data\test_set\Celeb-real-crop\id49_0000,0.67528445,0.79993325,0
D:\project\crop_data\test_set\Celeb-real-crop\id49_0001,0.82603407,0.8989176,0
D:\project\crop_data\test_set\Celeb-real-crop\id49_0004,0.9234646,0.76599115,0
D:\project\crop_data\test_set\Celeb-real-crop\id49_0005,0.5816558,0.9546242,0
D:\project\crop_data\test_set\Celeb-real-crop\id49_0006,0.7458556,0.04998577,0
D:\project\crop_data\test_set\Celeb-real-crop\id49_0007,0.73894155,0.628909,0
D:\project\crop_data\test_set\Celeb-real-crop\id49_0008,0.33646804,0.3265009,0
D:\project\crop_data\test_set\Celeb-real-crop\id49_0009,0.4774211,0.7403539,0
D:\project\crop_data\test_set\Celeb-real-crop\id49_0002,0.65047336,0.78862804,0
D:\project\crop_data\test_set\Celeb-real-crop\id50_0001,0.64664084,0.43556643,0
D:\project\crop_data\test_set\Celeb-real-crop\id50_0000,0.68117714,0.095646955,0
D:\project\crop_data\test_set\Celeb-real-crop\id50_0002,0.54373294,0.36033782,0
D:\project\crop_data\test_set\Celeb-real-crop\id50_0003,0.087495774,0.52020687,0
D:\project\crop_data\test_set\Celeb-real-crop\id50_0004,0.5616986,0.4573689,0
D:\project\crop_data\test_set\Celeb-real-crop\id50_0005,0.5667322,0.8099175,0
D:\project\crop_data\test_set\Celeb-real-crop\id50_0006,0.4599764,0.16798422,0
D:\project\crop_data\test_set\Celeb-real-crop\id50_0007,0.8151432,0.44969335,0
D:\project\crop_data\test_set\Celeb-real-crop\id50_0008,0.5367514,0.36506182,0
D:\project\crop_data\test_set\Celeb-real-crop\id50_0009,0.4672902,0.85910255,0
D:\project\crop_data\test_set\Celeb-real-crop\id51_0000,0.7525352,0.88393396,0
D:\project\crop_data\test_set\Celeb-real-crop\id51_0002,0.4979869,0.5002434,0
D:\project\crop_data\test_set\Celeb-real-crop\id51_0001,0.10322863,0.091235295,0
D:\project\crop_data\test_set\Celeb-real-crop\id51_0003,0.95762503,0.98302066,0
D:\project\crop_data\test_set\Celeb-real-crop\id51_0004,0.40492672,0.4719918,0
D:\project\crop_data\test_set\Celeb-real-crop\id51_0005,0.24884565,0.01099252,0
D:\project\crop_data\test_set\Celeb-real-crop\id51_0006,0.4213163,0.59793943,0
D:\project\crop_data\test_set\Celeb-real-crop\id51_0007,0.28032207,0.18903522,0
D:\project\crop_data\test_set\Celeb-real-crop\id51_0008,0.585339,0.2422355,0
D:\project\crop_data\test_set\Celeb-real-crop\id51_0009,0.016900783,0.00019971778,0
D:\project\crop_data\test_set\Celeb-real-crop\id52_0000,0.050927464,0.7101879,0
D:\project\crop_data\test_set\Celeb-real-crop\id52_0002,0.22427616,0.3877853,0
D:\project\crop_data\test_set\Celeb-real-crop\id52_0003,0.92207783,0.74869215,0
D:\project\crop_data\test_set\Celeb-real-crop\id52_0001,0.6018778,0.6597009,0
D:\project\crop_data\test_set\Celeb-real-crop\id52_0004,0.7069227,0.40170273,0
D:\project\crop_data\test_set\Celeb-real-crop\id52_0005,0.4307128,0.5170977,0
D:\project\crop_data\test_set\Celeb-real-crop\id52_0006,0.19280711,0.13710263,0
D:\project\crop_data\test_set\Celeb-real-crop\id52_0007,0.84209347,0.79326767,0
D:\project\crop_data\test_set\Celeb-real-crop\id52_0008,0.080935396,0.13218838,0
D:\project\crop_data\test_set\Celeb-real-crop\id52_0009,0.6824463,0.46740618,0
D:\project\crop_data\test_set\Celeb-real-crop\id53_0000,0.36517093,0.48835683,0
D:\project\crop_data\test_set\Celeb-synthesis-crop\id37_id29_0000,0.3514226,0.8390875,1
D:\project\crop_data\test_set\Celeb-synthesis-crop\id37_id29_0001,0.34842116,0.2347877,1
D:\project\crop_data\test_set\Celeb-synthesis-crop\id37_id29_0002,0.9449054,0.9998287,1
D:\project\crop_data\test_set\Celeb-synthesis-crop\id37_id29_0003,0.6139223,0.8343598,1
D:\project\crop_data\test_set\Celeb-synthesis-crop\id37_id29_0005,0.60391855,0.8678602,1
D:\project\crop_data\test_set\Celeb-synthesis-crop\id37_id29_0006,0.8830392,0.9329974,1
D:\project\crop_data\test_set\Celeb-synthesis-crop\id37_id29_0007,0.9430569,0.9378292,1
D:\project\crop_data\test_set\Celeb-synthesis-crop\id37_id29_0008,0.6436639,0.10052689,1
D:\project\crop_data\test_set\Celeb-synthesis-crop\id37_id29_0009,0.6140768,0.7324622,1
D:\project\crop_data\test_set\Celeb-synthesis-crop\id37_id30_0000,0.95036185,0.99822265,1
D:\project\crop_data\test_set\Celeb-synthesis-crop\id37_id30_0001,0.5675493,0.95593077,1
D:\project\crop_data\test_set\Celeb-synthesis-crop\id37_id30_0002,0.8874842,0.9999043,1
D:\project\crop_data\test_set\Celeb-synthesis-crop\id37_id30_0003,0.88182366,0.9455666,1
D:\project\crop_data\test_set\Celeb-synthesis-crop\id37_id30_0004,0.98469067,0.9992643,1
D:\project\crop_data\test_set\Celeb-synthesis-crop\id37_id30_0005,0.7893362,0.9927258,1
D:\project\crop_data\test_set\Celeb-synthesis-crop\id37_id30_0006,0.97636676,0.99910814,1
D:\project\crop_data\test_set\Celeb-synthesis-crop\id37_id30_0007,0.99255764,0.9756299,1
D:\project\crop_data\test_set\Celeb-synthesis-crop\id37_id30_0008,0.83870345,0.99876803,1
D:\project\crop_data\test_set\Celeb-synthesis-crop\id37_id31_0000,0.8162437,0.97292227,1
D:\project\crop_data\test_set\Celeb-synthesis-crop\id37_id31_0001,0.43672305,0.96712136,1
D:\project\crop_data\test_set\Celeb-synthesis-crop\id37_id31_0002,0.90012366,0.8767464,1
D:\project\crop_data\test_set\Celeb-synthesis-crop\id37_id31_0003,0.43392372,0.99963677,1
D:\project\crop_data\test_set\Celeb-synthesis-crop\id37_id31_0004,0.97008693,0.99995613,1
D:\project\crop_data\test_set\Celeb-synthesis-crop\id37_id31_0005,0.7663845,0.9998067,1
D:\project\crop_data\test_set\Celeb-synthesis-crop\id37_id31_0006,0.819768,0.9438225,1
D:\project\crop_data\test_set\Celeb-synthesis-crop\id37_id31_0007,0.9935137,0.99983233,1
D:\project\crop_data\test_set\Celeb-synthesis-crop\id37_id31_0008,0.95782566,0.9994897,1
D:\project\crop_data\test_set\Celeb-synthesis-crop\id37_id31_0009,0.66131943,0.6429038,1
D:\project\crop_data\test_set\Celeb-synthesis-crop\id37_id32_0000,0.7603168,0.92759955,1
D:\project\crop_data\test_set\Celeb-synthesis-crop\id37_id32_0001,0.6761763,0.8074863,1
D:\project\crop_data\test_set\Celeb-synthesis-crop\id37_id32_0002,0.6969763,0.99960816,1
D:\project\crop_data\test_set\Celeb-synthesis-crop\id37_id32_0003,0.7518264,0.8015339,1
D:\project\crop_data\test_set\Celeb-synthesis-crop\id37_id32_0004,0.92782193,0.9889262,1
D:\project\crop_data\test_set\Celeb-synthesis-crop\id37_id32_0005,0.57667565,0.999937,1
D:\project\crop_data\test_set\Celeb-synthesis-crop\id37_id32_0006,0.82020503,0.98298985,1
D:\project\crop_data\test_set\Celeb-synthesis-crop\id37_id32_0007,0.9064919,0.99971557,1
D:\project\crop_data\test_set\Celeb-synthesis-crop\id37_id32_0008,0.7896062,0.9988595,1
D:\project\crop_data\test_set\Celeb-synthesis-crop\id37_id33_0000,0.7508254,0.9266463,1
D:\project\crop_data\test_set\Celeb-synthesis-crop\id37_id33_0001,0.293037,0.31775782,1
D:\project\crop_data\test_set\Celeb-synthesis-crop\id37_id33_0002,0.68965846,0.8004548,1
D:\project\crop_data\test_set\Celeb-synthesis-crop\id37_id33_0003,0.90698737,0.9595743,1
D:\project\crop_data\test_set\Celeb-synthesis-crop\id37_id33_0005,0.6530277,0.86198753,1
D:\project\crop_data\test_set\Celeb-synthesis-crop\id37_id33_0006,0.94903094,0.9096532,1
D:\project\crop_data\test_set\Celeb-synthesis-crop\id37_id33_0007,0.9738043,0.9991295,1
D:\project\crop_data\test_set\Celeb-synthesis-crop\id37_id33_0008,0.9249995,0.9662368,1
D:\project\crop_data\test_set\Celeb-synthesis-crop\id37_id33_0009,0.2812441,0.58076733,1
D:\project\crop_data\test_set\Celeb-synthesis-crop\id37_id34_0000,0.7448721,0.9973001,1
D:\project\crop_data\test_set\Celeb-synthesis-crop\id37_id34_0001,0.64640105,0.9230727,1
D:\project\crop_data\test_set\Celeb-synthesis-crop\id37_id34_0002,0.9938508,0.9999586,1
D:\project\crop_data\test_set\Celeb-synthesis-crop\id37_id34_0003,0.75152785,0.9616073,1
D:\project\crop_data\test_set\Celeb-synthesis-crop\id37_id34_0005,0.7900574,0.99973,1
D:\project\crop_data\test_set\Celeb-synthesis-crop\id37_id34_0006,0.9851849,0.9963132,1
D:\project\crop_data\test_set\Celeb-synthesis-crop\id37_id34_0008,0.9398828,0.9999328,1
D:\project\crop_data\test_set\Celeb-synthesis-crop\id37_id35_0000,0.92365915,0.9798963,1
D:\project\crop_data\test_set\Celeb-synthesis-crop\id37_id35_0001,0.7725605,0.9995494,1
D:\project\crop_data\test_set\Celeb-synthesis-crop\id37_id35_0002,0.9816829,0.9999493,1
D:\project\crop_data\test_set\Celeb-synthesis-crop\id37_id35_0003,0.9187155,0.9984146,1
D:\project\crop_data\test_set\Celeb-synthesis-crop\id37_id35_0004,0.9997373,0.99784905,1
D:\project\crop_data\test_set\Celeb-synthesis-crop\id37_id35_0005,0.8426341,0.9999559,1
D:\project\crop_data\test_set\Celeb-synthesis-crop\id37_id35_0007,0.99482745,0.9999619,1
D:\project\crop_data\test_set\Celeb-synthesis-crop\id37_id35_0009,0.592829,0.99986213,1
D:\project\crop_data\test_set\Celeb-synthesis-crop\id37_id35_0008,0.98662627,0.7979795,1
D:\project\crop_data\test_set\Celeb-synthesis-crop\id37_id38_0001,0.6136779,0.98828554,1
D:\project\crop_data\test_set\Celeb-synthesis-crop\id37_id38_0000,0.78179234,0.9324229,1
D:\project\crop_data\test_set\Celeb-synthesis-crop\id37_id38_0003,0.936516,0.9978403,1
D:\project\crop_data\test_set\Celeb-synthesis-crop\id37_id38_0007,0.99761856,0.9596999,1
D:\project\crop_data\test_set\Celeb-synthesis-crop\id37_id38_0005,0.61877644,0.999962,1
D:\project\crop_data\test_set\Celeb-synthesis-crop\id37_id38_0008,0.954985,0.9646019,1
D:\project\crop_data\test_set\Celeb-synthesis-crop\id37_id38_0009,0.37466154,0.6972224,1
D:\project\crop_data\test_set\Celeb-synthesis-crop\id38_id20_0000,0.88768697,0.99912816,1
D:\project\crop_data\test_set\Celeb-synthesis-crop\id38_id20_0002,0.943795,0.9994081,1
D:\project\crop_data\test_set\Celeb-synthesis-crop\id38_id20_0005,0.3506049,0.8931929,1
D:\project\crop_data\test_set\Celeb-synthesis-crop\id38_id21_0001,0.24099892,0.9934407,1
D:\project\crop_data\test_set\Celeb-synthesis-crop\id38_id21_0000,0.7638071,0.22935274,1
D:\project\crop_data\test_set\Celeb-synthesis-crop\id38_id21_0004,0.7586035,0.9937686,1
D:\project\crop_data\test_set\Celeb-synthesis-crop\id38_id21_0008,0.8542154,0.8875685,1
D:\project\crop_data\test_set\Celeb-synthesis-crop\id38_id21_0005,0.057122942,0.21627164,1
D:\project\crop_data\test_set\Celeb-synthesis-crop\id38_id23_0000,0.89242023,0.997122,1
D:\project\crop_data\test_set\Celeb-synthesis-crop\id38_id23_0001,0.994972,0.99984086,1
D:\project\crop_data\test_set\Celeb-synthesis-crop\id38_id23_0002,0.96626973,0.9973626,1
D:\project\crop_data\test_set\Celeb-synthesis-crop\id38_id23_0005,0.59131694,0.9994537,1
D:\project\crop_data\test_set\Celeb-synthesis-crop\id38_id23_0004,0.9547061,0.9558648,1
D:\project\crop_data\test_set\Celeb-synthesis-crop\id38_id23_0006,0.9434216,0.9710312,1
D:\project\crop_data\test_set\Celeb-synthesis-crop\id38_id23_0007,0.65163994,0.4296598,1
D:\project\crop_data\test_set\Celeb-synthesis-crop\id38_id23_0009,0.4971918,0.96702725,1
D:\project\crop_data\test_set\Celeb-synthesis-crop\id38_id26_0001,0.9810907,0.9999012,1
D:\project\crop_data\test_set\Celeb-synthesis-crop\id38_id26_0000,0.9581052,0.99481386,1
D:\project\crop_data\test_set\Celeb-synthesis-crop\id38_id26_0004,0.866929,0.99734145,1
D:\project\crop_data\test_set\Celeb-synthesis-crop\id38_id26_0005,0.7372134,0.99182254,1
D:\project\crop_data\test_set\Celeb-synthesis-crop\id38_id26_0006,0.91066515,0.99092394,1
D:\project\crop_data\test_set\Celeb-synthesis-crop\id38_id26_0008,0.9720355,0.6066906,1
D:\project\crop_data\test_set\Celeb-synthesis-crop\id38_id26_0007,0.7735858,0.9998306,1
D:\project\crop_data\test_set\Celeb-synthesis-crop\id38_id28_0001,0.9017817,0.8659954,1
D:\project\crop_data\test_set\Celeb-synthesis-crop\id38_id28_0002,0.9699916,0.9999144,1
D:\project\crop_data\test_set\Celeb-synthesis-crop\id38_id28_0003,0.9081996,0.9565278,1
D:\project\crop_data\test_set\Celeb-synthesis-crop\id38_id28_0004,0.96327883,0.9961063,1
D:\project\crop_data\test_set\Celeb-synthesis-crop\id38_id28_0005,0.2303573,0.38238314,1
D:\project\crop_data\test_set\Celeb-synthesis-crop\id38_id28_0006,0.9344267,0.74246764,1
D:\project\crop_data\test_set\Celeb-synthesis-crop\id38_id28_0007,0.6735928,0.85629725,1
D:\project\crop_data\test_set\Celeb-synthesis-crop\id38_id28_0008,0.98245513,0.9910231,1
D:\project\crop_data\test_set\Celeb-synthesis-crop\id38_id29_0000,0.67186236,0.95175767,1
D:\project\crop_data\test_set\Celeb-synthesis-crop\id38_id28_0009,0.61985517,0.95551515,1
D:\project\crop_data\test_set\Celeb-synthesis-crop\id38_id29_0001,0.7880849,0.9995321,1
D:\project\crop_data\test_set\Celeb-synthesis-crop\id38_id29_0002,0.8727814,0.9743882,1
D:\project\crop_data\test_set\Celeb-synthesis-crop\id38_id29_0004,0.69279945,0.97091633,1
D:\project\crop_data\test_set\Celeb-synthesis-crop\id38_id29_0005,0.12758002,0.4766554,1
D:\project\crop_data\test_set\Celeb-synthesis-crop\id38_id29_0006,0.4341161,0.082257174,1
D:\project\crop_data\test_set\Celeb-synthesis-crop\id38_id29_0007,0.5301378,0.9948151,1
D:\project\crop_data\test_set\Celeb-synthesis-crop\id38_id29_0008,0.7941418,0.5182671,1
D:\project\crop_data\test_set\Celeb-synthesis-crop\id38_id29_0009,0.46937808,0.8503026,1
D:\project\crop_data\test_set\Celeb-synthesis-crop\id38_id30_0001,0.95828414,0.9994066,1
D:\project\crop_data\test_set\Celeb-synthesis-crop\id38_id30_0000,0.9313608,0.9989977,1
D:\project\crop_data\test_set\Celeb-synthesis-crop\id38_id30_0002,0.9877191,0.9453551,1
D:\project\crop_data\test_set\Celeb-synthesis-crop\id38_id30_0003,0.8869567,0.9846053,1
D:\project\crop_data\test_set\Celeb-synthesis-crop\id38_id30_0004,0.96893626,0.99956304,1
D:\project\crop_data\test_set\Celeb-synthesis-crop\id38_id30_0005,0.755858,0.9991965,1
D:\project\crop_data\test_set\Celeb-synthesis-crop\id38_id30_0006,0.92559624,0.9396304,1
D:\project\crop_data\test_set\Celeb-synthesis-crop\id38_id30_0007,0.8534266,0.96962094,1
D:\project\crop_data\test_set\Celeb-synthesis-crop\id38_id30_0008,0.95192486,0.7883463,1
D:\project\crop_data\test_set\Celeb-synthesis-crop\id38_id30_0009,0.7929488,0.99929965,1
D:\project\crop_data\test_set\Celeb-synthesis-crop\id38_id31_0000,0.8961889,0.9507622,1
D:\project\crop_data\test_set\Celeb-synthesis-crop\id38_id31_0001,0.76055443,0.99538517,1
D:\project\crop_data\test_set\Celeb-synthesis-crop\id38_id31_0002,0.94554806,0.6169563,1
D:\project\crop_data\test_set\Celeb-synthesis-crop\id38_id31_0003,0.5763281,0.9992538,1
D:\project\crop_data\test_set\Celeb-synthesis-crop\id38_id31_0004,0.91599286,0.99956787,1
D:\project\crop_data\test_set\Celeb-synthesis-crop\id38_id31_0005,0.7153584,0.9850167,1
D:\project\crop_data\test_set\Celeb-synthesis-crop\id38_id31_0006,0.89620876,0.940927,1
D:\project\crop_data\test_set\Celeb-synthesis-crop\id38_id31_0007,0.4892871,0.99707586,1
D:\project\crop_data\test_set\Celeb-synthesis-crop\id38_id31_0008,0.79321027,0.7068298,1
D:\project\crop_data\test_set\Celeb-synthesis-crop\id38_id31_0009,0.74276495,0.96511537,1
D:\project\crop_data\test_set\Celeb-synthesis-crop\id38_id32_0005,0.8357891,0.97443694,1
D:\project\crop_data\test_set\Celeb-synthesis-crop\id38_id32_0001,0.99800116,0.9984312,1
D:\project\crop_data\test_set\Celeb-synthesis-crop\id38_id32_0007,0.8659302,0.49078968,1
D:\project\crop_data\test_set\Celeb-synthesis-crop\id38_id32_0008,0.99788016,0.9901844,1
D:\project\crop_data\test_set\Celeb-synthesis-crop\id38_id33_0000,0.85254264,0.99970305,1
D:\project\crop_data\test_set\Celeb-synthesis-crop\id38_id33_0001,0.9530316,0.960379,1
D:\project\crop_data\test_set\Celeb-synthesis-crop\id38_id33_0002,0.9143341,0.9709095,1
D:\project\crop_data\test_set\Celeb-synthesis-crop\id38_id33_0003,0.7776082,0.7390139,1
D:\project\crop_data\test_set\Celeb-synthesis-crop\id38_id33_0004,0.9223877,0.87580633,1
D:\project\crop_data\test_set\Celeb-synthesis-crop\id38_id33_0005,0.30890575,0.96046597,1
D:\project\crop_data\test_set\Celeb-synthesis-crop\id38_id33_0006,0.7790875,0.886097,1
D:\project\crop_data\test_set\Celeb-synthesis-crop\id38_id33_0007,0.5285337,0.914052,1
D:\project\crop_data\test_set\Celeb-synthesis-crop\id38_id33_0008,0.9740888,0.97741216,1
D:\project\crop_data\test_set\Celeb-synthesis-crop\id38_id33_0009,0.58690804,0.31896523,1
D:\project\crop_data\test_set\Celeb-synthesis-crop\id38_id34_0000,0.9529798,0.9998723,1
D:\project\crop_data\test_set\Celeb-synthesis-crop\id38_id34_0001,0.97466713,0.99470156,1
D:\project\crop_data\test_set\Celeb-synthesis-crop\id38_id34_0002,0.9164082,0.9966967,1
D:\project\crop_data\test_set\Celeb-synthesis-crop\id38_id34_0003,0.95502514,0.9744428,1
D:\project\crop_data\test_set\Celeb-synthesis-crop\id38_id34_0004,0.98217726,0.97469574,1
D:\project\crop_data\test_set\Celeb-synthesis-crop\id38_id34_0005,0.8568059,0.99907994,1
D:\project\crop_data\test_set\Celeb-synthesis-crop\id38_id34_0006,0.85157263,0.997291,1
D:\project\crop_data\test_set\Celeb-synthesis-crop\id38_id34_0007,0.81445056,0.9536223,1
D:\project\crop_data\test_set\Celeb-synthesis-crop\id38_id34_0008,0.9529095,0.9998548,1
D:\project\crop_data\test_set\Celeb-synthesis-crop\id38_id34_0009,0.622405,0.96451783,1
D:\project\crop_data\test_set\Celeb-synthesis-crop\id38_id35_0000,0.9588808,0.99990046,1
D:\project\crop_data\test_set\Celeb-synthesis-crop\id38_id35_0001,0.9297338,0.99902153,1
D:\project\crop_data\test_set\Celeb-synthesis-crop\id38_id35_0002,0.9968683,0.80182606,1
D:\project\crop_data\test_set\Celeb-synthesis-crop\id38_id35_0003,0.8622077,0.99761474,1
D:\project\crop_data\test_set\Celeb-synthesis-crop\id38_id35_0004,0.9955577,0.9999086,1
D:\project\crop_data\test_set\Celeb-synthesis-crop\id38_id35_0005,0.7472912,0.9523597,1
D:\project\crop_data\test_set\Celeb-synthesis-crop\id38_id35_0006,0.9427081,0.99598527,1
D:\project\crop_data\test_set\Celeb-synthesis-crop\id38_id35_0007,0.6827864,0.35417455,1
D:\project\crop_data\test_set\Celeb-synthesis-crop\id38_id35_0009,0.38734293,0.9363227,1
D:\project\crop_data\test_set\Celeb-synthesis-crop\id38_id37_0000,0.92518806,0.9998001,1
D:\project\crop_data\test_set\Celeb-synthesis-crop\id38_id37_0001,0.4447762,0.807527,1
D:\project\crop_data\test_set\Celeb-synthesis-crop\id38_id37_0002,0.7816805,0.9974098,1
D:\project\crop_data\test_set\Celeb-synthesis-crop\id38_id37_0003,0.76532316,0.845095,1
D:\project\crop_data\test_set\Celeb-synthesis-crop\id38_id37_0004,0.7823595,0.1398692,1
D:\project\crop_data\test_set\Celeb-synthesis-crop\id38_id37_0005,0.36407238,0.9736014,1
D:\project\crop_data\test_set\Celeb-synthesis-crop\id38_id37_0006,0.8744853,0.9562331,1
D:\project\crop_data\test_set\Celeb-synthesis-crop\id38_id37_0007,0.6954332,0.89432997,1
D:\project\crop_data\test_set\Celeb-synthesis-crop\id38_id37_0008,0.7888559,0.999247,1
D:\project\crop_data\test_set\Celeb-synthesis-crop\id38_id37_0009,0.843234,0.9169504,1
D:\project\crop_data\test_set\Celeb-synthesis-crop\id39_id40_0000,0.87365174,0.99235433,1
D:\project\crop_data\test_set\Celeb-synthesis-crop\id39_id40_0001,0.99936914,0.99000734,1
D:\project\crop_data\test_set\Celeb-synthesis-crop\id39_id40_0002,0.46436322,0.9482524,1
D:\project\crop_data\test_set\Celeb-synthesis-crop\id39_id40_0003,0.9518051,0.9999573,1
D:\project\crop_data\test_set\Celeb-synthesis-crop\id39_id40_0004,0.99867296,0.9999585,1
D:\project\crop_data\test_set\Celeb-synthesis-crop\id39_id40_0007,0.91849643,0.9997591,1
D:\project\crop_data\test_set\Celeb-synthesis-crop\id39_id40_0009,0.9891088,0.9999551,1
D:\project\crop_data\test_set\Celeb-synthesis-crop\id39_id42_0000,0.88786155,0.9880018,1
D:\project\crop_data\test_set\Celeb-synthesis-crop\id39_id42_0001,0.9995824,0.99987304,1
D:\project\crop_data\test_set\Celeb-synthesis-crop\id39_id42_0002,0.92840236,0.97574747,1
D:\project\crop_data\test_set\Celeb-synthesis-crop\id39_id42_0003,0.8261176,0.99991715,1
D:\project\crop_data\test_set\Celeb-synthesis-crop\id39_id42_0004,0.9968754,0.9994,1
D:\project\crop_data\test_set\Celeb-synthesis-crop\id39_id40_0005,0.83884555,0.97209,1
D:\project\crop_data\test_set\Celeb-synthesis-crop\id39_id42_0006,0.9998311,0.97362983,1
D:\project\crop_data\test_set\Celeb-synthesis-crop\id39_id42_0007,0.893865,0.9914837,1
D:\project\crop_data\test_set\Celeb-synthesis-crop\id39_id42_0005,0.91862684,0.99972636,1
D:\project\crop_data\test_set\Celeb-synthesis-crop\id39_id42_0008,0.8463357,0.9724127,1
D:\project\crop_data\test_set\Celeb-synthesis-crop\id39_id43_0000,0.9086228,0.9850208,1
D:\project\crop_data\test_set\Celeb-synthesis-crop\id39_id43_0002,0.9508019,0.94845706,1
D:\project\crop_data\test_set\Celeb-synthesis-crop\id39_id43_0001,0.99939597,0.99994683,1
D:\project\crop_data\test_set\Celeb-synthesis-crop\id39_id43_0003,0.91970193,0.9768446,1
D:\project\crop_data\test_set\Celeb-synthesis-crop\id39_id43_0004,0.99074244,0.94197327,1
D:\project\crop_data\test_set\Celeb-synthesis-crop\id39_id43_0006,0.9992094,0.99990827,1
D:\project\crop_data\test_set\Celeb-synthesis-crop\id39_id43_0007,0.98924273,0.99958736,1
D:\project\crop_data\test_set\Celeb-synthesis-crop\id39_id43_0008,0.9790552,0.76771176,1
D:\project\crop_data\test_set\Celeb-synthesis-crop\id39_id43_0009,0.9853681,0.99993575,1
D:\project\crop_data\test_set\Celeb-synthesis-crop\id39_id44_0000,0.98142165,0.99982953,1
D:\project\crop_data\test_set\Celeb-synthesis-crop\id39_id44_0001,0.9999263,0.998931,1
D:\project\crop_data\test_set\Celeb-synthesis-crop\id39_id44_0002,0.9768845,0.99996006,1
D:\project\crop_data\test_set\Celeb-synthesis-crop\id39_id44_0003,0.97511935,0.99996114,1
D:\project\crop_data\test_set\Celeb-synthesis-crop\id39_id44_0004,0.9956674,0.9999571,1
D:\project\crop_data\test_set\Celeb-synthesis-crop\id39_id44_0006,0.9029457,0.97947174,1
D:\project\crop_data\test_set\Celeb-synthesis-crop\id39_id44_0007,0.9790441,0.9989066,1
D:\project\crop_data\test_set\Celeb-synthesis-crop\id39_id44_0008,0.9456447,0.9992667,1
D:\project\crop_data\test_set\Celeb-synthesis-crop\id39_id44_0005,0.9595237,0.9999562,1
D:\project\crop_data\test_set\Celeb-synthesis-crop\id39_id44_0009,0.99931085,0.95863414,1
D:\project\crop_data\test_set\Celeb-synthesis-crop\id39_id45_0000,0.6160027,0.9793579,1
D:\project\crop_data\test_set\Celeb-synthesis-crop\id39_id45_0001,0.9890311,0.987213,1
D:\project\crop_data\test_set\Celeb-synthesis-crop\id39_id45_0002,0.56984407,0.93445206,1
D:\project\crop_data\test_set\Celeb-synthesis-crop\id39_id45_0003,0.92392194,0.9906412,1
D:\project\crop_data\test_set\Celeb-synthesis-crop\id39_id45_0004,0.97039646,0.99977094,1
D:\project\crop_data\test_set\Celeb-synthesis-crop\id39_id45_0006,0.97941107,0.99315935,1
D:\project\crop_data\test_set\Celeb-synthesis-crop\id39_id45_0007,0.8035623,0.9985464,1
D:\project\crop_data\test_set\Celeb-synthesis-crop\id39_id45_0008,0.9943789,0.9840465,1
D:\project\crop_data\test_set\Celeb-synthesis-crop\id39_id45_0005,0.741976,0.9998847,1
D:\project\crop_data\test_set\Celeb-synthesis-crop\id39_id45_0009,0.9919376,0.9999564,1
D:\project\crop_data\test_set\Celeb-synthesis-crop\id39_id46_0000,0.97881186,0.72032195,1
D:\project\crop_data\test_set\Celeb-synthesis-crop\id39_id46_0002,0.6409138,0.99117124,1
D:\project\crop_data\test_set\Celeb-synthesis-crop\id39_id46_0003,0.9928144,0.99995744,1
D:\project\crop_data\test_set\Celeb-synthesis-crop\id39_id46_0001,0.9918851,0.99986076,1
D:\project\crop_data\test_set\Celeb-synthesis-crop\id39_id46_0004,0.9935027,0.99994266,1
D:\project\crop_data\test_set\Celeb-synthesis-crop\id39_id46_0006,0.9994223,0.9997856,1
D:\project\crop_data\test_set\Celeb-synthesis-crop\id39_id46_0007,0.9836953,0.999618,1
D:\project\crop_data\test_set\Celeb-synthesis-crop\id39_id46_0008,0.9977378,0.99897873,1
D:\project\crop_data\test_set\Celeb-synthesis-crop\id39_id47_0000,0.83060026,0.99992985,1
D:\project\crop_data\test_set\Celeb-synthesis-crop\id39_id47_0002,0.86135113,0.9711183,1
D:\project\crop_data\test_set\Celeb-synthesis-crop\id39_id47_0001,0.9990035,0.99995667,1
D:\project\crop_data\test_set\Celeb-synthesis-crop\id39_id47_0003,0.9398686,0.9870527,1
D:\project\crop_data\test_set\Celeb-synthesis-crop\id39_id47_0004,0.98567927,0.99834377,1
D:\project\crop_data\test_set\Celeb-synthesis-crop\id39_id47_0007,0.9530585,0.9862265,1
D:\project\crop_data\test_set\Celeb-synthesis-crop\id39_id47_0008,0.9368468,0.97904664,1
D:\project\crop_data\test_set\Celeb-synthesis-crop\id39_id47_0009,0.9936159,0.991612,1
D:\project\crop_data\test_set\Celeb-synthesis-crop\id39_id47_0005,0.6598943,0.9996422,1
D:\project\crop_data\test_set\Celeb-synthesis-crop\id39_id48_0000,0.92414135,0.9964284,1
D:\project\crop_data\test_set\Celeb-synthesis-crop\id39_id48_0001,0.99867874,0.99995816,1
D:\project\crop_data\test_set\Celeb-synthesis-crop\id39_id48_0002,0.6539343,0.998954,1
D:\project\crop_data\test_set\Celeb-synthesis-crop\id39_id48_0003,0.9501221,0.9999552,1
D:\project\crop_data\test_set\Celeb-synthesis-crop\id39_id48_0004,0.9984555,0.92029047,1
D:\project\crop_data\test_set\Celeb-synthesis-crop\id39_id48_0006,0.9964867,0.99885553,1
D:\project\crop_data\test_set\Celeb-synthesis-crop\id39_id48_0007,0.9746498,0.9998621,1
D:\project\crop_data\test_set\Celeb-synthesis-crop\id39_id48_0008,0.99841017,0.9998975,1
D:\project\crop_data\test_set\Celeb-synthesis-crop\id40_id39_0000,0.9200835,0.9984645,1
D:\project\crop_data\test_set\Celeb-synthesis-crop\id39_id48_0009,0.9864542,0.99992377,1
D:\project\crop_data\test_set\Celeb-synthesis-crop\id40_id39_0001,0.95209306,0.9998771,1
D:\project\crop_data\test_set\Celeb-synthesis-crop\id40_id39_0005,0.95151097,0.97929347,1
D:\project\crop_data\test_set\Celeb-synthesis-crop\id40_id39_0002,0.97808295,0.98274463,1
D:\project\crop_data\test_set\Celeb-synthesis-crop\id40_id39_0003,0.8909766,0.9998674,1
D:\project\crop_data\test_set\Celeb-synthesis-crop\id40_id39_0006,0.62365687,0.970716,1
D:\project\crop_data\test_set\Celeb-synthesis-crop\id40_id39_0007,0.5895738,0.85326946,1
D:\project\crop_data\test_set\Celeb-synthesis-crop\id40_id39_0008,0.9157041,0.8120096,1
D:\project\crop_data\test_set\Celeb-synthesis-crop\id40_id39_0009,0.71393305,0.9899648,1
D:\project\crop_data\test_set\Celeb-synthesis-crop\id40_id41_0000,0.8504131,0.7153199,1
D:\project\crop_data\test_set\Celeb-synthesis-crop\id40_id41_0001,0.92956084,0.9757579,1
D:\project\crop_data\test_set\Celeb-synthesis-crop\id40_id41_0002,0.9728413,0.28552276,1
D:\project\crop_data\test_set\Celeb-synthesis-crop\id40_id41_0003,0.9107695,0.8847302,1
D:\project\crop_data\test_set\Celeb-synthesis-crop\id40_id41_0004,0.86397785,0.9650116,1
D:\project\crop_data\test_set\Celeb-synthesis-crop\id40_id41_0005,0.9037866,0.9799795,1
D:\project\crop_data\test_set\Celeb-synthesis-crop\id40_id41_0006,0.52545136,0.89604646,1
D:\project\crop_data\test_set\Celeb-synthesis-crop\id40_id41_0007,0.6582333,0.8466836,1
D:\project\crop_data\test_set\Celeb-synthesis-crop\id40_id41_0008,0.86537886,0.7199902,1
D:\project\crop_data\test_set\Celeb-synthesis-crop\id40_id41_0009,0.63698226,0.923362,1
D:\project\crop_data\test_set\Celeb-synthesis-crop\id40_id42_0000,0.9956989,0.9995208,1
D:\project\crop_data\test_set\Celeb-synthesis-crop\id40_id42_0001,0.9874213,0.9999409,1
D:\project\crop_data\test_set\Celeb-synthesis-crop\id40_id42_0002,0.98070556,0.9878638,1
D:\project\crop_data\test_set\Celeb-synthesis-crop\id40_id42_0007,0.88852185,0.96815866,1
D:\project\crop_data\test_set\Celeb-synthesis-crop\id40_id42_0004,0.97242457,0.94910264,1
D:\project\crop_data\test_set\Celeb-synthesis-crop\id40_id42_0003,0.99242693,0.9794545,1
D:\project\crop_data\test_set\Celeb-synthesis-crop\id40_id42_0009,0.87057483,0.9682311,1
D:\project\crop_data\test_set\Celeb-synthesis-crop\id40_id42_0008,0.992116,0.6705591,1
D:\project\crop_data\test_set\Celeb-synthesis-crop\id40_id43_0000,0.92902005,0.99721193,1
D:\project\crop_data\test_set\Celeb-synthesis-crop\id40_id43_0001,0.89370525,0.99872875,1
D:\project\crop_data\test_set\Celeb-synthesis-crop\id40_id43_0002,0.9542518,0.73071533,1
D:\project\crop_data\test_set\Celeb-synthesis-crop\id40_id43_0003,0.8870321,0.9723704,1
D:\project\crop_data\test_set\Celeb-synthesis-crop\id40_id43_0004,0.7966736,0.9573364,1
D:\project\crop_data\test_set\Celeb-synthesis-crop\id40_id43_0007,0.6534248,0.9891106,1
D:\project\crop_data\test_set\Celeb-synthesis-crop\id40_id43_0006,0.5540768,0.97716504,1
D:\project\crop_data\test_set\Celeb-synthesis-crop\id40_id43_0005,0.69348335,0.9208442,1
D:\project\crop_data\test_set\Celeb-synthesis-crop\id40_id43_0008,0.72168785,0.5490105,1
D:\project\crop_data\test_set\Celeb-synthesis-crop\id40_id43_0009,0.92148334,0.9969538,1
D:\project\crop_data\test_set\Celeb-synthesis-crop\id40_id44_0000,0.903152,0.9974319,1
D:\project\crop_data\test_set\Celeb-synthesis-crop\id40_id44_0001,0.9465648,0.9915426,1
D:\project\crop_data\test_set\Celeb-synthesis-crop\id40_id44_0002,0.96621335,0.99940544,1
D:\project\crop_data\test_set\Celeb-synthesis-crop\id40_id44_0003,0.89026964,0.97707933,1
D:\project\crop_data\test_set\Celeb-synthesis-crop\id40_id44_0005,0.920906,0.98751825,1
D:\project\crop_data\test_set\Celeb-synthesis-crop\id40_id44_0008,0.7508607,0.7240111,1
D:\project\crop_data\test_set\Celeb-synthesis-crop\id40_id44_0009,0.858636,0.9999156,1
D:\project\crop_data\test_set\Celeb-synthesis-crop\id40_id44_0006,0.78705597,0.9864351,1
D:\project\crop_data\test_set\Celeb-synthesis-crop\id40_id45_0000,0.895538,0.9359749,1
D:\project\crop_data\test_set\Celeb-synthesis-crop\id40_id45_0002,0.85341924,0.99781084,1
D:\project\crop_data\test_set\Celeb-synthesis-crop\id40_id45_0001,0.9277712,0.9040055,1
D:\project\crop_data\test_set\Celeb-synthesis-crop\id40_id45_0003,0.9390404,0.99832237,1
D:\project\crop_data\test_set\Celeb-synthesis-crop\id40_id45_0004,0.91896266,0.8973985,1
D:\project\crop_data\test_set\Celeb-synthesis-crop\id40_id45_0005,0.86397004,0.9038512,1
D:\project\crop_data\test_set\Celeb-synthesis-crop\id40_id45_0006,0.8944168,0.99688005,1
D:\project\crop_data\test_set\Celeb-synthesis-crop\id40_id45_0009,0.6551282,0.28135833,1
D:\project\crop_data\test_set\Celeb-synthesis-crop\id40_id45_0007,0.7783763,0.8659484,1
D:\project\crop_data\test_set\Celeb-synthesis-crop\id40_id45_0008,0.5047588,0.9961112,1
D:\project\crop_data\test_set\Celeb-synthesis-crop\id40_id46_0000,0.898137,0.9144877,1
D:\project\crop_data\test_set\Celeb-synthesis-crop\id40_id46_0002,0.9702157,0.9976287,1
D:\project\crop_data\test_set\Celeb-synthesis-crop\id40_id46_0001,0.9702731,0.9835752,1
D:\project\crop_data\test_set\Celeb-synthesis-crop\id40_id46_0003,0.9195605,0.9974206,1
D:\project\crop_data\test_set\Celeb-synthesis-crop\id40_id46_0005,0.9902283,0.9889684,1
D:\project\crop_data\test_set\Celeb-synthesis-crop\id40_id46_0006,0.81429636,0.9998199,1
D:\project\crop_data\test_set\Celeb-synthesis-crop\id40_id46_0007,0.9146915,0.97114295,1
D:\project\crop_data\test_set\Celeb-synthesis-crop\id40_id47_0000,0.98078287,0.98422176,1
D:\project\crop_data\test_set\Celeb-synthesis-crop\id40_id46_0009,0.7209993,0.58759874,1
D:\project\crop_data\test_set\Celeb-synthesis-crop\id40_id46_0008,0.986495,0.9840471,1
D:\project\crop_data\test_set\Celeb-synthesis-crop\id40_id47_0003,0.7936125,0.99994165,1
D:\project\crop_data\test_set\Celeb-synthesis-crop\id40_id47_0002,0.96126246,0.98180234,1
D:\project\crop_data\test_set\Celeb-synthesis-crop\id40_id47_0001,0.9899368,0.8771496,1
D:\project\crop_data\test_set\Celeb-synthesis-crop\id40_id47_0004,0.8791372,0.96425647,1
D:\project\crop_data\test_set\Celeb-synthesis-crop\id40_id47_0005,0.93094873,0.9501356,1
D:\project\crop_data\test_set\Celeb-synthesis-crop\id40_id47_0006,0.65065545,0.9959657,1
D:\project\crop_data\test_set\Celeb-synthesis-crop\id40_id47_0007,0.70900756,0.5408848,1
D:\project\crop_data\test_set\Celeb-synthesis-crop\id40_id47_0009,0.6984786,0.4364791,1
D:\project\crop_data\test_set\Celeb-synthesis-crop\id40_id47_0008,0.77735454,0.9844655,1
D:\project\crop_data\test_set\Celeb-synthesis-crop\id40_id48_0000,0.9087047,0.8742293,1
D:\project\crop_data\test_set\Celeb-synthesis-crop\id40_id48_0002,0.9203375,0.9982129,1
D:\project\crop_data\test_set\Celeb-synthesis-crop\id40_id48_0003,0.8884373,0.98049444,1
D:\project\crop_data\test_set\Celeb-synthesis-crop\id40_id48_0001,0.9142917,0.85866237,1
D:\project\crop_data\test_set\Celeb-synthesis-crop\id40_id48_0004,0.9740467,0.9202843,1
D:\project\crop_data\test_set\Celeb-synthesis-crop\id40_id48_0005,0.8585158,0.72525525,1
D:\project\crop_data\test_set\Celeb-synthesis-crop\id40_id48_0006,0.8231436,0.9943052,1
D:\project\crop_data\test_set\Celeb-synthesis-crop\id40_id48_0008,0.90434676,0.7502674,1
D:\project\crop_data\test_set\Celeb-synthesis-crop\id40_id48_0009,0.84884185,0.60649186,1
D:\project\crop_data\test_set\Celeb-synthesis-crop\id41_id40_0002,0.7189697,0.9927378,1
D:\project\crop_data\test_set\Celeb-synthesis-crop\id41_id40_0000,0.5264409,0.83616537,1
D:\project\crop_data\test_set\Celeb-synthesis-crop\id41_id40_0004,0.66612786,0.94986296,1
D:\project\crop_data\test_set\Celeb-synthesis-crop\id41_id40_0003,0.9649624,0.81218404,1
D:\project\crop_data\test_set\Celeb-synthesis-crop\id41_id40_0005,0.91994315,0.99968153,1
D:\project\crop_data\test_set\Celeb-synthesis-crop\id41_id40_0006,0.9725449,0.98537266,1
D:\project\crop_data\test_set\Celeb-synthesis-crop\id41_id40_0007,0.7461064,0.9904138,1
D:\project\crop_data\test_set\Celeb-synthesis-crop\id41_id40_0008,0.92031145,0.9997858,1
D:\project\crop_data\test_set\Celeb-synthesis-crop\id41_id40_0009,0.905986,0.99619174,1
D:\project\crop_data\test_set\Celeb-synthesis-crop\id41_id42_0002,0.965996,0.9737906,1
D:\project\crop_data\test_set\Celeb-synthesis-crop\id41_id42_0003,0.9749766,0.9998503,1
D:\project\crop_data\test_set\Celeb-synthesis-crop\id41_id42_0001,0.9740658,0.999111,1
D:\project\crop_data\test_set\Celeb-synthesis-crop\id41_id42_0007,0.9811647,0.99996036,1
D:\project\crop_data\test_set\Celeb-synthesis-crop\id41_id42_0004,0.99795777,0.9999151,1
D:\project\crop_data\test_set\Celeb-synthesis-crop\id41_id42_0006,0.9993166,0.999874,1
D:\project\crop_data\test_set\Celeb-synthesis-crop\id41_id42_0008,0.9780736,0.99860996,1
D:\project\crop_data\test_set\Celeb-synthesis-crop\id41_id42_0009,0.99462867,0.9997852,1
D:\project\crop_data\test_set\Celeb-synthesis-crop\id41_id43_0000,0.797079,0.9446691,1
D:\project\crop_data\test_set\Celeb-synthesis-crop\id41_id43_0001,0.8863234,0.98839045,1
D:\project\crop_data\test_set\Celeb-synthesis-crop\id41_id43_0003,0.8337877,0.92317945,1
D:\project\crop_data\test_set\Celeb-synthesis-crop\id41_id43_0002,0.6915201,0.82550734,1
D:\project\crop_data\test_set\Celeb-synthesis-crop\id41_id43_0004,0.737388,0.7988923,1
D:\project\crop_data\test_set\Celeb-synthesis-crop\id41_id43_0005,0.8159402,0.9998458,1
D:\project\crop_data\test_set\Celeb-synthesis-crop\id41_id43_0006,0.96266896,0.994468,1
D:\project\crop_data\test_set\Celeb-synthesis-crop\id41_id43_0008,0.67140937,0.9698547,1
D:\project\crop_data\test_set\Celeb-synthesis-crop\id41_id44_0000,0.86197674,0.99963814,1
D:\project\crop_data\test_set\Celeb-synthesis-crop\id41_id44_0001,0.94675463,0.9978188,1
D:\project\crop_data\test_set\Celeb-synthesis-crop\id41_id44_0002,0.92544633,0.9998707,1
D:\project\crop_data\test_set\Celeb-synthesis-crop\id41_id44_0003,0.98109907,0.9978376,1
D:\project\crop_data\test_set\Celeb-synthesis-crop\id41_id44_0005,0.8845902,0.98520446,1
D:\project\crop_data\test_set\Celeb-synthesis-crop\id41_id44_0006,0.9272761,0.99995494,1
D:\project\crop_data\test_set\Celeb-synthesis-crop\id41_id44_0004,0.9115826,0.9848068,1
D:\project\crop_data\test_set\Celeb-synthesis-crop\id41_id44_0007,0.95715183,0.99575406,1
D:\project\crop_data\test_set\Celeb-synthesis-crop\id41_id44_0008,0.78609127,0.99014467,1
D:\project\crop_data\test_set\Celeb-synthesis-crop\id41_id44_0009,0.8542999,0.9999453,1
D:\project\crop_data\test_set\Celeb-synthesis-crop\id41_id45_0000,0.70761234,0.9779497,1
D:\project\crop_data\test_set\Celeb-synthesis-crop\id41_id45_0001,0.9181546,0.99943495,1
D:\project\crop_data\test_set\Celeb-synthesis-crop\id41_id45_0002,0.73447245,0.84476995,1
D:\project\crop_data\test_set\Celeb-synthesis-crop\id41_id45_0003,0.8807446,0.9465888,1
D:\project\crop_data\test_set\Celeb-synthesis-crop\id41_id45_0004,0.56161344,0.8896409,1
D:\project\crop_data\test_set\Celeb-synthesis-crop\id41_id45_0005,0.95739996,0.99970853,1
D:\project\crop_data\test_set\Celeb-synthesis-crop\id41_id45_0006,0.92798257,0.86970425,1
D:\project\crop_data\test_set\Celeb-synthesis-crop\id41_id45_0009,0.7936675,0.99851793,1
D:\project\crop_data\test_set\Celeb-synthesis-crop\id41_id45_0007,0.8608831,0.99992883,1
D:\project\crop_data\test_set\Celeb-synthesis-crop\id41_id45_0008,0.8734383,0.9990005,1
D:\project\crop_data\test_set\Celeb-synthesis-crop\id41_id46_0001,0.95984775,0.9720321,1
D:\project\crop_data\test_set\Celeb-synthesis-crop\id41_id46_0002,0.918436,0.9950485,1
D:\project\crop_data\test_set\Celeb-synthesis-crop\id41_id46_0003,0.99205476,0.9841524,1
D:\project\crop_data\test_set\Celeb-synthesis-crop\id41_id46_0004,0.938211,0.9971779,1
D:\project\crop_data\test_set\Celeb-synthesis-crop\id41_id46_0008,0.99551857,0.9971352,1
D:\project\crop_data\test_set\Celeb-synthesis-crop\id41_id46_0009,0.9861494,0.9999578,1
D:\project\crop_data\test_set\Celeb-synthesis-crop\id41_id46_0006,0.9808455,0.78343785,1
D:\project\crop_data\test_set\Celeb-synthesis-crop\id41_id47_0001,0.9465923,0.9664679,1
D:\project\crop_data\test_set\Celeb-synthesis-crop\id41_id47_0002,0.805086,0.9998708,1
D:\project\crop_data\test_set\Celeb-synthesis-crop\id41_id47_0000,0.67264414,0.876927,1
D:\project\crop_data\test_set\Celeb-synthesis-crop\id41_id47_0003,0.9783006,0.95163196,1
D:\project\crop_data\test_set\Celeb-synthesis-crop\id41_id47_0004,0.49166358,0.8226748,1
D:\project\crop_data\test_set\Celeb-synthesis-crop\id41_id47_0005,0.9404936,0.95999455,1
D:\project\crop_data\test_set\Celeb-synthesis-crop\id41_id47_0006,0.9703098,0.9733886,1
D:\project\crop_data\test_set\Celeb-synthesis-crop\id41_id47_0008,0.6507406,0.9971793,1
D:\project\crop_data\test_set\Celeb-synthesis-crop\id41_id47_0007,0.7756148,0.90299636,1
D:\project\crop_data\test_set\Celeb-synthesis-crop\id41_id47_0009,0.8972998,0.923745,1
D:\project\crop_data\test_set\Celeb-synthesis-crop\id41_id48_0002,0.8344962,0.7843589,1
D:\project\crop_data\test_set\Celeb-synthesis-crop\id41_id48_0000,0.5255656,0.9999486,1
D:\project\crop_data\test_set\Celeb-synthesis-crop\id41_id48_0003,0.9665953,0.96326,1
D:\project\crop_data\test_set\Celeb-synthesis-crop\id41_id48_0004,0.84865874,0.9730062,1
D:\project\crop_data\test_set\Celeb-synthesis-crop\id41_id48_0005,0.9542741,0.9942816,1
D:\project\crop_data\test_set\Celeb-synthesis-crop\id41_id48_0006,0.9784166,0.9887553,1
D:\project\crop_data\test_set\Celeb-synthesis-crop\id41_id48_0007,0.95112467,0.9853137,1
D:\project\crop_data\test_set\Celeb-synthesis-crop\id42_id39_0000,0.91690236,0.998585,1
D:\project\crop_data\test_set\Celeb-synthesis-crop\id41_id48_0009,0.9138662,0.9999079,1
D:\project\crop_data\test_set\Celeb-synthesis-crop\id41_id48_0008,0.8625139,0.9998341,1
D:\project\crop_data\test_set\Celeb-synthesis-crop\id42_id39_0001,0.5661354,0.9744904,1
D:\project\crop_data\test_set\Celeb-synthesis-crop\id42_id39_0003,0.9377233,0.9992004,1
D:\project\crop_data\test_set\Celeb-synthesis-crop\id42_id39_0002,0.8782417,0.9768803,1
D:\project\crop_data\test_set\Celeb-synthesis-crop\id42_id40_0000,0.981028,0.9999195,1
D:\project\crop_data\test_set\Celeb-synthesis-crop\id42_id40_0001,0.8699915,0.995744,1
D:\project\crop_data\test_set\Celeb-synthesis-crop\id42_id40_0002,0.97723466,0.99916756,1
D:\project\crop_data\test_set\Celeb-synthesis-crop\id42_id40_0003,0.99324495,0.9997284,1
D:\project\crop_data\test_set\Celeb-synthesis-crop\id42_id41_0001,0.6212434,0.9352876,1
D:\project\crop_data\test_set\Celeb-synthesis-crop\id42_id41_0002,0.9723524,0.7787336,1
D:\project\crop_data\test_set\Celeb-synthesis-crop\id42_id41_0000,0.9506266,0.92376924,1
D:\project\crop_data\test_set\Celeb-synthesis-crop\id42_id43_0001,0.7738177,0.9463314,1
D:\project\crop_data\test_set\Celeb-synthesis-crop\id42_id41_0003,0.9209381,0.9612679,1
D:\project\crop_data\test_set\Celeb-synthesis-crop\id42_id43_0000,0.9359053,0.9556515,1
D:\project\crop_data\test_set\Celeb-synthesis-crop\id42_id43_0002,0.9616344,0.9887238,1
D:\project\crop_data\test_set\Celeb-synthesis-crop\id42_id43_0003,0.9322516,0.85367477,1
D:\project\crop_data\test_set\Celeb-synthesis-crop\id42_id44_0000,0.95993185,0.999938,1
D:\project\crop_data\test_set\Celeb-synthesis-crop\id42_id44_0001,0.76116246,0.9518055,1
D:\project\crop_data\test_set\Celeb-synthesis-crop\id42_id44_0003,0.99241674,0.9980808,1
D:\project\crop_data\test_set\Celeb-synthesis-crop\id42_id44_0002,0.7950359,0.9988495,1
D:\project\crop_data\test_set\Celeb-synthesis-crop\id42_id45_0000,0.95630676,0.9996859,1
D:\project\crop_data\test_set\Celeb-synthesis-crop\id42_id45_0001,0.45110416,0.9432944,1
D:\project\crop_data\test_set\Celeb-synthesis-crop\id42_id45_0002,0.95344,0.9987767,1
D:\project\crop_data\test_set\Celeb-synthesis-crop\id42_id45_0003,0.8187679,0.7858681,1
D:\project\crop_data\test_set\Celeb-synthesis-crop\id42_id46_0000,0.99507695,0.8541133,1
D:\project\crop_data\test_set\Celeb-synthesis-crop\id42_id46_0001,0.6091522,0.9966599,1
D:\project\crop_data\test_set\Celeb-synthesis-crop\id42_id46_0002,0.96495205,0.99991965,1
D:\project\crop_data\test_set\Celeb-synthesis-crop\id42_id46_0003,0.9486061,0.8188614,1
D:\project\crop_data\test_set\Celeb-synthesis-crop\id42_id47_0001,0.52534485,0.9903325,1
D:\project\crop_data\test_set\Celeb-synthesis-crop\id42_id47_0000,0.9717912,0.9998264,1
D:\project\crop_data\test_set\Celeb-synthesis-crop\id42_id47_0002,0.93796813,0.98217106,1
D:\project\crop_data\test_set\Celeb-synthesis-crop\id42_id48_0001,0.7422731,0.9653015,1
D:\project\crop_data\test_set\Celeb-synthesis-crop\id42_id47_0003,0.96882683,0.9999446,1
D:\project\crop_data\test_set\Celeb-synthesis-crop\id42_id48_0000,0.99498695,0.9439576,1
D:\project\crop_data\test_set\Celeb-synthesis-crop\id42_id48_0002,0.8430208,0.9463101,1
D:\project\crop_data\test_set\Celeb-synthesis-crop\id42_id48_0003,0.9848675,0.9943709,1
D:\project\crop_data\test_set\Celeb-synthesis-crop\id43_id39_0000,0.9191337,0.9812359,1
D:\project\crop_data\test_set\Celeb-synthesis-crop\id43_id39_0001,0.77817136,0.9999478,1
D:\project\crop_data\test_set\Celeb-synthesis-crop\id43_id39_0002,0.96464086,0.99993587,1
D:\project\crop_data\test_set\Celeb-synthesis-crop\id43_id39_0004,0.8034659,0.96749026,1
D:\project\crop_data\test_set\Celeb-synthesis-crop\id43_id39_0003,0.83423203,0.9506695,1
D:\project\crop_data\test_set\Celeb-synthesis-crop\id43_id39_0005,0.8039142,0.9975274,1
D:\project\crop_data\test_set\Celeb-synthesis-crop\id43_id39_0008,0.98638844,0.9999573,1
D:\project\crop_data\test_set\Celeb-synthesis-crop\id43_id39_0006,0.99567485,0.99551404,1
D:\project\crop_data\test_set\Celeb-synthesis-crop\id43_id39_0009,0.997803,0.9999363,1
D:\project\crop_data\test_set\Celeb-synthesis-crop\id43_id40_0000,0.9679169,0.99995273,1
D:\project\crop_data\test_set\Celeb-synthesis-crop\id43_id40_0001,0.94658357,0.9999438,1
D:\project\crop_data\test_set\Celeb-synthesis-crop\id43_id40_0002,0.9877826,0.99986565,1
D:\project\crop_data\test_set\Celeb-synthesis-crop\id43_id40_0005,0.62348616,0.5768081,1
D:\project\crop_data\test_set\Celeb-synthesis-crop\id43_id40_0004,0.97672534,0.79722375,1
D:\project\crop_data\test_set\Celeb-synthesis-crop\id43_id40_0003,0.65864384,0.99995095,1
D:\project\crop_data\test_set\Celeb-synthesis-crop\id43_id40_0008,0.9902413,0.99996,1
D:\project\crop_data\test_set\Celeb-synthesis-crop\id43_id40_0006,0.9922233,0.9994277,1
D:\project\crop_data\test_set\Celeb-synthesis-crop\id43_id40_0009,0.9927937,0.9999487,1
D:\project\crop_data\test_set\Celeb-synthesis-crop\id43_id41_0000,0.94698983,0.9776952,1
D:\project\crop_data\test_set\Celeb-synthesis-crop\id43_id41_0001,0.78020006,0.9851159,1
D:\project\crop_data\test_set\Celeb-synthesis-crop\id43_id41_0002,0.9374284,0.9999214,1
D:\project\crop_data\test_set\Celeb-synthesis-crop\id43_id41_0003,0.8065107,0.991151,1
D:\project\crop_data\test_set\Celeb-synthesis-crop\id43_id41_0004,0.7904606,0.8063455,1
D:\project\crop_data\test_set\Celeb-synthesis-crop\id43_id41_0006,0.98155355,0.24346259,1
D:\project\crop_data\test_set\Celeb-synthesis-crop\id43_id41_0005,0.8794907,0.9999333,1
D:\project\crop_data\test_set\Celeb-synthesis-crop\id43_id41_0008,0.8664862,0.98943996,1
D:\project\crop_data\test_set\Celeb-synthesis-crop\id43_id41_0007,0.96884423,0.9735039,1
D:\project\crop_data\test_set\Celeb-synthesis-crop\id43_id41_0009,0.99801147,0.8256185,1
D:\project\crop_data\test_set\Celeb-synthesis-crop\id43_id42_0000,0.9531174,0.99995124,1
D:\project\crop_data\test_set\Celeb-synthesis-crop\id43_id42_0001,0.99272287,0.9999167,1
D:\project\crop_data\test_set\Celeb-synthesis-crop\id43_id42_0002,0.8947681,0.998987,1
D:\project\crop_data\test_set\Celeb-synthesis-crop\id43_id42_0005,0.8929876,0.99040455,1
D:\project\crop_data\test_set\Celeb-synthesis-crop\id43_id42_0008,0.95936793,0.9983622,1
D:\project\crop_data\test_set\Celeb-synthesis-crop\id43_id42_0007,0.8573188,0.9326165,1
D:\project\crop_data\test_set\Celeb-synthesis-crop\id43_id42_0006,0.9656769,0.95781213,1
D:\project\crop_data\test_set\Celeb-synthesis-crop\id43_id44_0001,0.7608571,0.99995863,1
D:\project\crop_data\test_set\Celeb-synthesis-crop\id43_id44_0004,0.44247964,0.98540884,1
D:\project\crop_data\test_set\Celeb-synthesis-crop\id43_id44_0003,0.91411257,0.99990904,1
D:\project\crop_data\test_set\Celeb-synthesis-crop\id43_id42_0009,0.99739915,0.9868253,1
D:\project\crop_data\test_set\Celeb-synthesis-crop\id43_id44_0006,0.99536747,0.9999479,1
D:\project\crop_data\test_set\Celeb-synthesis-crop\id43_id44_0007,0.948876,0.9952787,1
D:\project\crop_data\test_set\Celeb-synthesis-crop\id43_id44_0008,0.8563759,0.99771976,1
D:\project\crop_data\test_set\Celeb-synthesis-crop\id43_id45_0000,0.9348982,0.9999462,1
D:\project\crop_data\test_set\Celeb-synthesis-crop\id43_id44_0009,0.99294627,0.9665461,1
D:\project\crop_data\test_set\Celeb-synthesis-crop\id43_id45_0001,0.944736,0.99567425,1
D:\project\crop_data\test_set\Celeb-synthesis-crop\id43_id45_0002,0.9358857,0.99564004,1
D:\project\crop_data\test_set\Celeb-synthesis-crop\id43_id45_0006,0.97805965,0.46402815,1
D:\project\crop_data\test_set\Celeb-synthesis-crop\id43_id45_0003,0.2807886,0.5807499,1
D:\project\crop_data\test_set\Celeb-synthesis-crop\id43_id45_0004,0.8157123,0.987714,1
D:\project\crop_data\test_set\Celeb-synthesis-crop\id43_id45_0008,0.91538084,0.99993765,1
D:\project\crop_data\test_set\Celeb-synthesis-crop\id43_id45_0009,0.9932777,0.9999565,1
D:\project\crop_data\test_set\Celeb-synthesis-crop\id43_id46_0000,0.95619804,0.9999596,1
D:\project\crop_data\test_set\Celeb-synthesis-crop\id43_id46_0001,0.9733158,0.99995416,1
D:\project\crop_data\test_set\Celeb-synthesis-crop\id43_id46_0002,0.99017143,0.69756335,1
D:\project\crop_data\test_set\Celeb-synthesis-crop\id43_id46_0003,0.6649232,0.99886596,1
D:\project\crop_data\test_set\Celeb-synthesis-crop\id43_id46_0004,0.9449425,0.9131991,1
D:\project\crop_data\test_set\Celeb-synthesis-crop\id43_id46_0008,0.9725137,0.9999559,1
D:\project\crop_data\test_set\Celeb-synthesis-crop\id43_id46_0006,0.99291056,0.9999569,1
D:\project\crop_data\test_set\Celeb-synthesis-crop\id43_id46_0005,0.9393076,0.9454258,1
D:\project\crop_data\test_set\Celeb-synthesis-crop\id43_id46_0009,0.9992143,0.9993608,1
D:\project\crop_data\test_set\Celeb-synthesis-crop\id43_id47_0000,0.914029,0.9999618,1
D:\project\crop_data\test_set\Celeb-synthesis-crop\id43_id47_0001,0.7058584,0.9992945,1
D:\project\crop_data\test_set\Celeb-synthesis-crop\id43_id47_0002,0.9887324,0.99977773,1
D:\project\crop_data\test_set\Celeb-synthesis-crop\id43_id47_0003,0.5234508,0.8693156,1
D:\project\crop_data\test_set\Celeb-synthesis-crop\id43_id47_0004,0.81336963,0.6201041,1
D:\project\crop_data\test_set\Celeb-synthesis-crop\id43_id47_0005,0.94131434,0.9961254,1
D:\project\crop_data\test_set\Celeb-synthesis-crop\id43_id47_0006,0.98807603,0.99115425,1
D:\project\crop_data\test_set\Celeb-synthesis-crop\id43_id47_0008,0.94904786,0.99994886,1
D:\project\crop_data\test_set\Celeb-synthesis-crop\id43_id48_0000,0.9760321,0.99995285,1
D:\project\crop_data\test_set\Celeb-synthesis-crop\id43_id47_0009,0.99862266,0.99996066,1
D:\project\crop_data\test_set\Celeb-synthesis-crop\id43_id48_0001,0.9377963,0.9999521,1
D:\project\crop_data\test_set\Celeb-synthesis-crop\id43_id48_0002,0.99406546,0.9999512,1
D:\project\crop_data\test_set\Celeb-synthesis-crop\id43_id48_0003,0.7723765,0.894027,1
D:\project\crop_data\test_set\Celeb-synthesis-crop\id43_id48_0004,0.7249307,0.8763427,1
D:\project\crop_data\test_set\Celeb-synthesis-crop\id43_id48_0005,0.43727404,0.9997745,1
D:\project\crop_data\test_set\Celeb-synthesis-crop\id43_id48_0006,0.98902583,0.99995315,1
D:\project\crop_data\test_set\Celeb-synthesis-crop\id43_id48_0007,0.9519169,0.99147445,1
D:\project\crop_data\test_set\Celeb-synthesis-crop\id43_id48_0008,0.98128855,0.9993707,1
D:\project\crop_data\test_set\Celeb-synthesis-crop\id44_id39_0000,0.859059,0.9416133,1
D:\project\crop_data\test_set\Celeb-synthesis-crop\id43_id48_0009,0.99933386,0.99994946,1
D:\project\crop_data\test_set\Celeb-synthesis-crop\id44_id39_0001,0.8945073,0.99656653,1
D:\project\crop_data\test_set\Celeb-synthesis-crop\id44_id39_0002,0.98843616,0.9998654,1
D:\project\crop_data\test_set\Celeb-synthesis-crop\id44_id39_0004,0.98903525,0.99977076,1
D:\project\crop_data\test_set\Celeb-synthesis-crop\id44_id39_0003,0.9976684,0.999459,1
D:\project\crop_data\test_set\Celeb-synthesis-crop\id44_id40_0000,0.8097817,0.9501113,1
D:\project\crop_data\test_set\Celeb-synthesis-crop\id44_id40_0002,0.97687846,0.9964345,1
D:\project\crop_data\test_set\Celeb-synthesis-crop\id44_id41_0001,0.78362983,0.867499,1
D:\project\crop_data\test_set\Celeb-synthesis-crop\id44_id41_0000,0.7903532,0.94791245,1
D:\project\crop_data\test_set\Celeb-synthesis-crop\id44_id41_0002,0.97435653,0.9662718,1
D:\project\crop_data\test_set\Celeb-synthesis-crop\id44_id42_0000,0.93156356,0.9212013,1
D:\project\crop_data\test_set\Celeb-synthesis-crop\id44_id42_0001,0.7755436,0.99335974,1
D:\project\crop_data\test_set\Celeb-synthesis-crop\id44_id42_0002,0.99519485,0.99925256,1
D:\project\crop_data\test_set\Celeb-synthesis-crop\id44_id42_0004,0.9930333,0.992839,1
D:\project\crop_data\test_set\Celeb-synthesis-crop\id44_id42_0003,0.99857575,0.9789171,1
D:\project\crop_data\test_set\Celeb-synthesis-crop\id44_id43_0000,0.9437593,0.9597032,1
D:\project\crop_data\test_set\Celeb-synthesis-crop\id44_id43_0001,0.9464665,0.9942866,1
D:\project\crop_data\test_set\Celeb-synthesis-crop\id44_id41_0005,0.787884,0.9992814,1
D:\project\crop_data\test_set\Celeb-synthesis-crop\id44_id43_0002,0.98405164,0.96081567,1
D:\project\crop_data\test_set\Celeb-synthesis-crop\id44_id43_0003,0.7950993,0.9916528,1
D:\project\crop_data\test_set\Celeb-synthesis-crop\id44_id43_0004,0.9974996,0.94443256,1
D:\project\crop_data\test_set\Celeb-synthesis-crop\id44_id45_0001,0.6746469,0.6667409,1
D:\project\crop_data\test_set\Celeb-synthesis-crop\id44_id45_0000,0.7425658,0.998908,1
D:\project\crop_data\test_set\Celeb-synthesis-crop\id44_id42_0005,0.6997934,0.96058315,1
D:\project\crop_data\test_set\Celeb-synthesis-crop\id44_id45_0002,0.9570925,0.95909595,1
D:\project\crop_data\test_set\Celeb-synthesis-crop\id44_id45_0003,0.69183797,0.95898366,1
D:\project\crop_data\test_set\Celeb-synthesis-crop\id44_id45_0004,0.8975821,0.8158477,1
D:\project\crop_data\test_set\Celeb-synthesis-crop\id44_id46_0000,0.82816416,0.7936251,1
D:\project\crop_data\test_set\Celeb-synthesis-crop\id44_id46_0001,0.9474184,0.99962646,1
D:\project\crop_data\test_set\Celeb-synthesis-crop\id44_id43_0005,0.80331826,0.9998919,1
D:\project\crop_data\test_set\Celeb-synthesis-crop\id44_id46_0003,0.9655783,0.81577575,1
D:\project\crop_data\test_set\Celeb-synthesis-crop\id44_id46_0002,0.9786645,0.9833925,1
D:\project\crop_data\test_set\Celeb-synthesis-crop\id44_id46_0004,0.94811743,0.9651556,1
D:\project\crop_data\test_set\Celeb-synthesis-crop\id44_id47_0000,0.8494116,0.997703,1
D:\project\crop_data\test_set\Celeb-synthesis-crop\id44_id47_0001,0.9233189,0.9998358,1
D:\project\crop_data\test_set\Celeb-synthesis-crop\id44_id45_0005,0.7790952,0.9991363,1
D:\project\crop_data\test_set\Celeb-synthesis-crop\id44_id47_0002,0.9693554,0.9858783,1
D:\project\crop_data\test_set\Celeb-synthesis-crop\id44_id47_0003,0.9451064,0.9120068,1
D:\project\crop_data\test_set\Celeb-synthesis-crop\id44_id47_0004,0.89543784,0.7896907,1
D:\project\crop_data\test_set\Celeb-synthesis-crop\id44_id48_0000,0.82032114,0.9997566,1
D:\project\crop_data\test_set\Celeb-synthesis-crop\id44_id48_0001,0.9007898,0.8682696,1
D:\project\crop_data\test_set\Celeb-synthesis-crop\id44_id48_0002,0.95504624,0.9637403,1
D:\project\crop_data\test_set\Celeb-synthesis-crop\id44_id48_0003,0.9671463,0.986352,1
D:\project\crop_data\test_set\Celeb-synthesis-crop\id44_id48_0004,0.9777022,0.9991531,1
D:\project\crop_data\test_set\Celeb-synthesis-crop\id45_id39_0000,0.87949127,0.9577257,1
D:\project\crop_data\test_set\Celeb-synthesis-crop\id45_id39_0002,0.961555,0.9952453,1
D:\project\crop_data\test_set\Celeb-synthesis-crop\id45_id39_0001,0.841377,0.99626535,1
D:\project\crop_data\test_set\Celeb-synthesis-crop\id44_id47_0005,0.9082162,0.9507638,1
D:\project\crop_data\test_set\Celeb-synthesis-crop\id45_id39_0003,0.80660427,0.9990287,1
D:\project\crop_data\test_set\Celeb-synthesis-crop\id45_id39_0004,0.9531565,0.9994526,1
D:\project\crop_data\test_set\Celeb-synthesis-crop\id45_id39_0005,0.9553004,0.7145043,1
D:\project\crop_data\test_set\Celeb-synthesis-crop\id45_id39_0006,0.7444442,0.9858655,1
D:\project\crop_data\test_set\Celeb-synthesis-crop\id44_id48_0005,0.80182284,0.5144513,1
D:\project\crop_data\test_set\Celeb-synthesis-crop\id45_id39_0007,0.48966068,0.99994767,1
D:\project\crop_data\test_set\Celeb-synthesis-crop\id45_id39_0008,0.7567031,0.9321656,1
D:\project\crop_data\test_set\Celeb-synthesis-crop\id45_id39_0009,0.96417236,0.9949486,1
D:\project\crop_data\test_set\Celeb-synthesis-crop\id45_id40_0000,0.828797,0.9606717,1
D:\project\crop_data\test_set\Celeb-synthesis-crop\id45_id40_0002,0.9731754,0.99868417,1
D:\project\crop_data\test_set\Celeb-synthesis-crop\id45_id40_0003,0.8768298,0.98161167,1
D:\project\crop_data\test_set\Celeb-synthesis-crop\id45_id40_0004,0.9917048,0.99834675,1
D:\project\crop_data\test_set\Celeb-synthesis-crop\id45_id40_0001,0.926323,0.9790523,1
D:\project\crop_data\test_set\Celeb-synthesis-crop\id45_id40_0005,0.91072965,0.9898293,1
D:\project\crop_data\test_set\Celeb-synthesis-crop\id45_id40_0006,0.7307402,0.7789861,1
D:\project\crop_data\test_set\Celeb-synthesis-crop\id45_id40_0007,0.75798434,0.6458941,1
D:\project\crop_data\test_set\Celeb-synthesis-crop\id45_id40_0008,0.822205,0.99995697,1
D:\project\crop_data\test_set\Celeb-synthesis-crop\id45_id40_0009,0.9777048,0.987597,1
D:\project\crop_data\test_set\Celeb-synthesis-crop\id45_id41_0000,0.97250134,0.9979832,1
D:\project\crop_data\test_set\Celeb-synthesis-crop\id45_id41_0002,0.9779371,0.65576375,1
D:\project\crop_data\test_set\Celeb-synthesis-crop\id45_id41_0003,0.78794545,0.99855506,1
D:\project\crop_data\test_set\Celeb-synthesis-crop\id45_id41_0001,0.98650324,0.99817675,1
D:\project\crop_data\test_set\Celeb-synthesis-crop\id45_id41_0004,0.92795813,0.8366918,1
D:\project\crop_data\test_set\Celeb-synthesis-crop\id45_id41_0005,0.9714289,0.99446505,1
D:\project\crop_data\test_set\Celeb-synthesis-crop\id45_id41_0007,0.7224743,0.8493939,1
D:\project\crop_data\test_set\Celeb-synthesis-crop\id45_id41_0006,0.65384114,0.6855116,1
D:\project\crop_data\test_set\Celeb-synthesis-crop\id45_id41_0008,0.63688874,0.99993825,1
D:\project\crop_data\test_set\Celeb-synthesis-crop\id45_id41_0009,0.9963135,0.5583679,1
D:\project\crop_data\test_set\Celeb-synthesis-crop\id45_id42_0000,0.9723654,0.9835373,1
D:\project\crop_data\test_set\Celeb-synthesis-crop\id45_id42_0002,0.9764884,0.9560234,1
D:\project\crop_data\test_set\Celeb-synthesis-crop\id45_id42_0003,0.9095774,0.80259967,1
D:\project\crop_data\test_set\Celeb-synthesis-crop\id45_id42_0004,0.912363,0.64671826,1
D:\project\crop_data\test_set\Celeb-synthesis-crop\id45_id42_0006,0.68720245,0.849554,1
D:\project\crop_data\test_set\Celeb-synthesis-crop\id45_id42_0005,0.97226596,0.9371485,1
D:\project\crop_data\test_set\Celeb-synthesis-crop\id45_id42_0007,0.9474162,0.99756366,1
D:\project\crop_data\test_set\Celeb-synthesis-crop\id45_id42_0008,0.6054337,0.93852526,1
D:\project\crop_data\test_set\Celeb-synthesis-crop\id45_id43_0000,0.750873,0.99487007,1
D:\project\crop_data\test_set\Celeb-synthesis-crop\id45_id43_0002,0.94328934,0.93898886,1
D:\project\crop_data\test_set\Celeb-synthesis-crop\id45_id43_0001,0.934257,0.6324492,1
D:\project\crop_data\test_set\Celeb-synthesis-crop\id45_id43_0003,0.6064597,0.78838396,1
D:\project\crop_data\test_set\Celeb-synthesis-crop\id45_id43_0004,0.889573,0.9901164,1
D:\project\crop_data\test_set\Celeb-synthesis-crop\id45_id43_0006,0.7878717,0.96241796,1
D:\project\crop_data\test_set\Celeb-synthesis-crop\id45_id43_0007,0.64804476,0.47601175,1
D:\project\crop_data\test_set\Celeb-synthesis-crop\id45_id43_0005,0.8837921,0.9181824,1
D:\project\crop_data\test_set\Celeb-synthesis-crop\id45_id43_0009,0.7237988,0.6912104,1
D:\project\crop_data\test_set\Celeb-synthesis-crop\id45_id43_0008,0.71648777,0.8849268,1
D:\project\crop_data\test_set\Celeb-synthesis-crop\id45_id44_0000,0.9403117,0.99283785,1
D:\project\crop_data\test_set\Celeb-synthesis-crop\id45_id44_0002,0.9808506,0.98783505,1
D:\project\crop_data\test_set\Celeb-synthesis-crop\id45_id44_0001,0.9337287,0.99038714,1
D:\project\crop_data\test_set\Celeb-synthesis-crop\id45_id44_0008,0.5235353,0.99983287,1
D:\project\crop_data\test_set\Celeb-synthesis-crop\id45_id44_0009,0.9777465,0.9997913,1
D:\project\crop_data\test_set\Celeb-synthesis-crop\id45_id46_0000,0.9659379,0.95851684,1
D:\project\crop_data\test_set\Celeb-synthesis-crop\id45_id44_0004,0.9700496,0.9433855,1
D:\project\crop_data\test_set\Celeb-synthesis-crop\id45_id44_0003,0.46338454,0.8813098,1
D:\project\crop_data\test_set\Celeb-synthesis-crop\id45_id46_0003,0.93431944,0.82259357,1
D:\project\crop_data\test_set\Celeb-synthesis-crop\id45_id44_0007,0.74817795,0.99994963,1
D:\project\crop_data\test_set\Celeb-synthesis-crop\id45_id44_0006,0.8754883,0.91935503,1
D:\project\crop_data\test_set\Celeb-synthesis-crop\id45_id44_0005,0.8603144,0.99456894,1
D:\project\crop_data\test_set\Celeb-synthesis-crop\id45_id46_0002,0.9831405,0.9998932,1
D:\project\crop_data\test_set\Celeb-synthesis-crop\id45_id46_0004,0.9365726,0.9935911,1
D:\project\crop_data\test_set\Celeb-synthesis-crop\id45_id46_0007,0.87999934,0.9723372,1
D:\project\crop_data\test_set\Celeb-synthesis-crop\id45_id46_0006,0.6092275,0.7263961,1
D:\project\crop_data\test_set\Celeb-synthesis-crop\id45_id46_0005,0.9183332,0.97196126,1
D:\project\crop_data\test_set\Celeb-synthesis-crop\id45_id46_0009,0.9977359,0.9943068,1
D:\project\crop_data\test_set\Celeb-synthesis-crop\id45_id47_0001,0.9337787,0.9999603,1
D:\project\crop_data\test_set\Celeb-synthesis-crop\id45_id46_0008,0.8029624,0.9977088,1
D:\project\crop_data\test_set\Celeb-synthesis-crop\id45_id47_0000,0.9664021,0.98993903,1
D:\project\crop_data\test_set\Celeb-synthesis-crop\id45_id47_0005,0.96996546,0.8062529,1
D:\project\crop_data\test_set\Celeb-synthesis-crop\id45_id47_0003,0.8623401,0.9438814,1
D:\project\crop_data\test_set\Celeb-synthesis-crop\id45_id47_0004,0.9578929,0.95414174,1
D:\project\crop_data\test_set\Celeb-synthesis-crop\id45_id47_0007,0.488951,0.98418885,1
D:\project\crop_data\test_set\Celeb-synthesis-crop\id45_id47_0002,0.95991206,0.7732621,1
D:\project\crop_data\test_set\Celeb-synthesis-crop\id45_id47_0006,0.76228094,0.14637694,1
D:\project\crop_data\test_set\Celeb-synthesis-crop\id45_id47_0008,0.6419901,0.4223152,1
D:\project\crop_data\test_set\Celeb-synthesis-crop\id45_id48_0006,0.64587665,0.9999365,1
D:\project\crop_data\test_set\Celeb-synthesis-crop\id45_id47_0009,0.99325526,0.9981271,1
D:\project\crop_data\test_set\Celeb-synthesis-crop\id45_id48_0000,0.98969066,0.99459255,1
D:\project\crop_data\test_set\Celeb-synthesis-crop\id45_id48_0003,0.9186931,0.9963647,1
D:\project\crop_data\test_set\Celeb-synthesis-crop\id45_id48_0001,0.93081623,0.99567634,1
D:\project\crop_data\test_set\Celeb-synthesis-crop\id45_id48_0004,0.95976084,0.99704957,1
D:\project\crop_data\test_set\Celeb-synthesis-crop\id45_id48_0005,0.9616959,0.97246397,1
D:\project\crop_data\test_set\Celeb-synthesis-crop\id45_id48_0002,0.9605243,0.4189627,1
D:\project\crop_data\test_set\Celeb-synthesis-crop\id45_id48_0007,0.7599927,0.9999174,1
D:\project\crop_data\test_set\Celeb-synthesis-crop\id45_id48_0008,0.8328473,0.61170566,1
D:\project\crop_data\test_set\Celeb-synthesis-crop\id46_id39_0001,0.8896063,0.99994767,1
D:\project\crop_data\test_set\Celeb-synthesis-crop\id45_id48_0009,0.9907859,0.9276859,1
D:\project\crop_data\test_set\Celeb-synthesis-crop\id46_id39_0002,0.8102146,0.99992675,1
D:\project\crop_data\test_set\Celeb-synthesis-crop\id46_id39_0000,0.98771715,0.9983736,1
D:\project\crop_data\test_set\Celeb-synthesis-crop\id46_id39_0003,0.9426536,0.97902036,1
D:\project\crop_data\test_set\Celeb-synthesis-crop\id46_id39_0004,0.9813886,0.9995236,1
D:\project\crop_data\test_set\Celeb-synthesis-crop\id46_id39_0006,0.74185145,0.9999576,1
D:\project\crop_data\test_set\Celeb-synthesis-crop\id46_id39_0005,0.98881656,0.927767,1
D:\project\crop_data\test_set\Celeb-synthesis-crop\id46_id39_0007,0.9660991,0.96700186,1
D:\project\crop_data\test_set\Celeb-synthesis-crop\id46_id39_0008,0.9936259,0.9999123,1
D:\project\crop_data\test_set\Celeb-synthesis-crop\id46_id39_0009,0.9842706,0.99303955,1
D:\project\crop_data\test_set\Celeb-synthesis-crop\id46_id41_0000,0.9473327,0.99995697,1
D:\project\crop_data\test_set\Celeb-synthesis-crop\id46_id40_0009,0.965152,0.9933056,1
D:\project\crop_data\test_set\Celeb-synthesis-crop\id46_id40_0004,0.9493469,0.99779135,1
D:\project\crop_data\test_set\Celeb-synthesis-crop\id46_id40_0002,0.8759776,0.95892376,1
D:\project\crop_data\test_set\Celeb-synthesis-crop\id46_id41_0003,0.948486,0.99986863,1
D:\project\crop_data\test_set\Celeb-synthesis-crop\id46_id41_0002,0.9057875,0.99980813,1
D:\project\crop_data\test_set\Celeb-synthesis-crop\id46_id41_0001,0.9422601,0.95826423,1
D:\project\crop_data\test_set\Celeb-synthesis-crop\id46_id41_0004,0.94112545,0.9699243,1
D:\project\crop_data\test_set\Celeb-synthesis-crop\id46_id40_0008,0.97899395,0.8526888,1
D:\project\crop_data\test_set\Celeb-synthesis-crop\id46_id41_0005,0.97823036,0.8584294,1
D:\project\crop_data\test_set\Celeb-synthesis-crop\id46_id41_0007,0.88467115,0.99240756,1
D:\project\crop_data\test_set\Celeb-synthesis-crop\id46_id41_0009,0.97500604,0.992722,1
D:\project\crop_data\test_set\Celeb-synthesis-crop\id46_id42_0000,0.98431575,0.9966188,1
D:\project\crop_data\test_set\Celeb-synthesis-crop\id46_id42_0002,0.9496307,0.9989666,1
D:\project\crop_data\test_set\Celeb-synthesis-crop\id46_id42_0001,0.8078073,0.6760296,1
D:\project\crop_data\test_set\Celeb-synthesis-crop\id46_id41_0008,0.9940548,0.99770314,1
D:\project\crop_data\test_set\Celeb-synthesis-crop\id46_id42_0003,0.83536947,0.7498303,1
D:\project\crop_data\test_set\Celeb-synthesis-crop\id46_id42_0004,0.9879311,0.99294734,1
D:\project\crop_data\test_set\Celeb-synthesis-crop\id46_id42_0005,0.9791214,0.89681554,1
D:\project\crop_data\test_set\Celeb-synthesis-crop\id46_id42_0006,0.921791,0.9960994,1
D:\project\crop_data\test_set\Celeb-synthesis-crop\id46_id42_0007,0.9704746,0.92977834,1
D:\project\crop_data\test_set\Celeb-synthesis-crop\id46_id42_0009,0.9976334,0.996992,1
D:\project\crop_data\test_set\Celeb-synthesis-crop\id46_id43_0000,0.99812716,0.9997761,1
D:\project\crop_data\test_set\Celeb-synthesis-crop\id46_id43_0001,0.9277272,0.9999079,1
D:\project\crop_data\test_set\Celeb-synthesis-crop\id46_id42_0008,0.99491817,0.9999461,1
D:\project\crop_data\test_set\Celeb-synthesis-crop\id46_id43_0003,0.8578415,0.99516904,1
D:\project\crop_data\test_set\Celeb-synthesis-crop\id46_id43_0004,0.8780531,0.9368731,1
D:\project\crop_data\test_set\Celeb-synthesis-crop\id46_id43_0002,0.7256681,0.9643644,1
D:\project\crop_data\test_set\Celeb-synthesis-crop\id46_id43_0005,0.8734007,0.99402297,1
D:\project\crop_data\test_set\Celeb-synthesis-crop\id46_id43_0007,0.9381926,0.990806,1
D:\project\crop_data\test_set\Celeb-synthesis-crop\id46_id43_0009,0.97214043,0.7482965,1
D:\project\crop_data\test_set\Celeb-synthesis-crop\id46_id43_0006,0.9813403,0.99968123,1
D:\project\crop_data\test_set\Celeb-synthesis-crop\id46_id44_0000,0.9582386,0.9953743,1
D:\project\crop_data\test_set\Celeb-synthesis-crop\id46_id43_0008,0.99189675,0.9994898,1
D:\project\crop_data\test_set\Celeb-synthesis-crop\id46_id44_0003,0.73433435,0.9999556,1
D:\project\crop_data\test_set\Celeb-synthesis-crop\id46_id45_0000,0.9711111,0.96377444,1
D:\project\crop_data\test_set\Celeb-synthesis-crop\id46_id44_0007,0.9672437,0.9999575,1
D:\project\crop_data\test_set\Celeb-synthesis-crop\id46_id44_0001,0.77989244,0.99011534,1
D:\project\crop_data\test_set\Celeb-synthesis-crop\id46_id44_0005,0.97317123,0.99798864,1
D:\project\crop_data\test_set\Celeb-synthesis-crop\id46_id45_0003,0.917243,0.9974978,1
D:\project\crop_data\test_set\Celeb-synthesis-crop\id46_id45_0001,0.7615421,0.96995467,1
D:\project\crop_data\test_set\Celeb-synthesis-crop\id46_id45_0002,0.8018384,0.83670586,1
D:\project\crop_data\test_set\Celeb-synthesis-crop\id46_id45_0004,0.8903705,0.995807,1
D:\project\crop_data\test_set\Celeb-synthesis-crop\id46_id45_0005,0.9737085,0.9590093,1
D:\project\crop_data\test_set\Celeb-synthesis-crop\id46_id45_0009,0.9772607,0.99869573,1
D:\project\crop_data\test_set\Celeb-synthesis-crop\id46_id45_0007,0.91222197,0.9799654,1
D:\project\crop_data\test_set\Celeb-synthesis-crop\id46_id47_0000,0.97354525,0.99924976,1
D:\project\crop_data\test_set\Celeb-synthesis-crop\id46_id45_0006,0.74696076,0.9990083,1
D:\project\crop_data\test_set\Celeb-synthesis-crop\id46_id45_0008,0.9853485,0.99214095,1
D:\project\crop_data\test_set\Celeb-synthesis-crop\id46_id47_0003,0.92166454,0.9999517,1
D:\project\crop_data\test_set\Celeb-synthesis-crop\id46_id47_0004,0.982859,0.9915782,1
D:\project\crop_data\test_set\Celeb-synthesis-crop\id46_id47_0002,0.85312355,0.98859227,1
D:\project\crop_data\test_set\Celeb-synthesis-crop\id46_id47_0001,0.9523241,0.9873851,1
D:\project\crop_data\test_set\Celeb-synthesis-crop\id46_id47_0007,0.95343184,0.9983999,1
D:\project\crop_data\test_set\Celeb-synthesis-crop\id46_id47_0009,0.98124444,0.99917835,1
D:\project\crop_data\test_set\Celeb-synthesis-crop\id46_id47_0006,0.84145844,0.9732034,1
D:\project\crop_data\test_set\Celeb-synthesis-crop\id46_id47_0005,0.979517,0.9997709,1
D:\project\crop_data\test_set\Celeb-synthesis-crop\id46_id47_0008,0.9952904,0.91034985,1
D:\project\crop_data\test_set\Celeb-synthesis-crop\id46_id48_0000,0.9465651,0.9986702,1
D:\project\crop_data\test_set\Celeb-synthesis-crop\id46_id48_0004,0.924441,0.987819,1
D:\project\crop_data\test_set\Celeb-synthesis-crop\id46_id48_0003,0.9689441,0.7921746,1
D:\project\crop_data\test_set\Celeb-synthesis-crop\id46_id48_0002,0.90408564,0.9954019,1
D:\project\crop_data\test_set\Celeb-synthesis-crop\id46_id48_0005,0.99171406,0.99988943,1
D:\project\crop_data\test_set\Celeb-synthesis-crop\id46_id48_0009,0.9490237,0.96274126,1
D:\project\crop_data\test_set\Celeb-synthesis-crop\id46_id48_0007,0.9506694,0.999689,1
D:\project\crop_data\test_set\Celeb-synthesis-crop\id47_id39_0001,0.9980289,0.9995833,1
D:\project\crop_data\test_set\Celeb-synthesis-crop\id46_id48_0008,0.9937996,0.9999562,1
D:\project\crop_data\test_set\Celeb-synthesis-crop\id47_id39_0000,0.9932054,0.98991704,1
D:\project\crop_data\test_set\Celeb-synthesis-crop\id47_id39_0004,0.9517774,0.9999543,1
D:\project\crop_data\test_set\Celeb-synthesis-crop\id47_id39_0003,0.96157175,0.9999131,1
D:\project\crop_data\test_set\Celeb-synthesis-crop\id47_id39_0005,0.74141663,0.80300957,1
D:\project\crop_data\test_set\Celeb-synthesis-crop\id47_id39_0002,0.9643371,0.9999526,1
D:\project\crop_data\test_set\Celeb-synthesis-crop\id47_id39_0007,0.9107397,0.9808317,1
D:\project\crop_data\test_set\Celeb-synthesis-crop\id47_id39_0006,0.9775927,0.99966276,1
D:\project\crop_data\test_set\Celeb-synthesis-crop\id47_id40_0001,0.995795,0.9995314,1
D:\project\crop_data\test_set\Celeb-synthesis-crop\id47_id39_0009,0.9902769,0.99994195,1
D:\project\crop_data\test_set\Celeb-synthesis-crop\id47_id39_0008,0.959421,0.9999081,1
D:\project\crop_data\test_set\Celeb-synthesis-crop\id47_id40_0000,0.9873558,0.99995685,1
D:\project\crop_data\test_set\Celeb-synthesis-crop\id47_id40_0003,0.9266944,0.9997165,1
D:\project\crop_data\test_set\Celeb-synthesis-crop\id47_id40_0007,0.8083688,0.9998267,1
D:\project\crop_data\test_set\Celeb-synthesis-crop\id47_id40_0006,0.99126446,0.999807,1
D:\project\crop_data\test_set\Celeb-synthesis-crop\id47_id40_0005,0.9625325,0.8765667,1
D:\project\crop_data\test_set\Celeb-synthesis-crop\id47_id40_0004,0.987449,0.9961012,1
D:\project\crop_data\test_set\Celeb-synthesis-crop\id47_id40_0008,0.9951712,0.99986583,1
D:\project\crop_data\test_set\Celeb-synthesis-crop\id47_id41_0001,0.92823476,0.99994504,1
D:\project\crop_data\test_set\Celeb-synthesis-crop\id47_id40_0009,0.9978653,0.91445917,1
D:\project\crop_data\test_set\Celeb-synthesis-crop\id47_id41_0000,0.9972024,0.9997396,1
D:\project\crop_data\test_set\Celeb-synthesis-crop\id47_id41_0007,0.8528081,0.9993886,1
D:\project\crop_data\test_set\Celeb-synthesis-crop\id47_id41_0006,0.9698116,0.875623,1
D:\project\crop_data\test_set\Celeb-synthesis-crop\id47_id41_0005,0.76729524,0.9999499,1
D:\project\crop_data\test_set\Celeb-synthesis-crop\id47_id41_0003,0.9487915,0.65137947,1
D:\project\crop_data\test_set\Celeb-synthesis-crop\id47_id41_0004,0.8401104,0.9834797,1
D:\project\crop_data\test_set\Celeb-synthesis-crop\id47_id41_0002,0.960397,0.66772544,1
D:\project\crop_data\test_set\Celeb-synthesis-crop\id47_id42_0001,0.89141303,0.9881193,1
D:\project\crop_data\test_set\Celeb-synthesis-crop\id47_id41_0009,0.98163825,0.99989414,1
D:\project\crop_data\test_set\Celeb-synthesis-crop\id47_id42_0000,0.9985161,0.9999204,1
D:\project\crop_data\test_set\Celeb-synthesis-crop\id47_id41_0008,0.9763511,0.9999304,1
D:\project\crop_data\test_set\Celeb-synthesis-crop\id47_id42_0007,0.8794967,0.83324915,1
D:\project\crop_data\test_set\Celeb-synthesis-crop\id47_id42_0006,0.9879577,0.45821503,1
D:\project\crop_data\test_set\Celeb-synthesis-crop\id47_id42_0004,0.9777742,0.99965316,1
D:\project\crop_data\test_set\Celeb-synthesis-crop\id47_id42_0003,0.99693567,0.99614006,1
D:\project\crop_data\test_set\Celeb-synthesis-crop\id47_id42_0002,0.98938966,0.9999566,1
D:\project\crop_data\test_set\Celeb-synthesis-crop\id47_id42_0005,0.48454383,0.8310685,1
D:\project\crop_data\test_set\Celeb-synthesis-crop\id47_id42_0009,0.9577678,0.7486439,1
D:\project\crop_data\test_set\Celeb-synthesis-crop\id47_id43_0001,0.9935284,0.96764594,1
D:\project\crop_data\test_set\Celeb-synthesis-crop\id47_id43_0000,0.99408877,0.990975,1
D:\project\crop_data\test_set\Celeb-synthesis-crop\id47_id42_0008,0.9905769,0.99969023,1
D:\project\crop_data\test_set\Celeb-synthesis-crop\id47_id43_0007,0.77153784,0.9602097,1
D:\project\crop_data\test_set\Celeb-synthesis-crop\id47_id43_0006,0.9881401,0.9997871,1
D:\project\crop_data\test_set\Celeb-synthesis-crop\id47_id43_0003,0.6581341,0.9412908,1
D:\project\crop_data\test_set\Celeb-synthesis-crop\id47_id43_0004,0.93102854,0.9999512,1
D:\project\crop_data\test_set\Celeb-synthesis-crop\id47_id43_0005,0.7461047,0.99899244,1
D:\project\crop_data\test_set\Celeb-synthesis-crop\id47_id43_0002,0.9817841,0.52354795,1
D:\project\crop_data\test_set\Celeb-synthesis-crop\id47_id43_0009,0.98668,0.9999074,1
D:\project\crop_data\test_set\Celeb-synthesis-crop\id47_id44_0001,0.89612794,0.80417514,1
D:\project\crop_data\test_set\Celeb-synthesis-crop\id47_id44_0000,0.9967796,0.9998753,1
D:\project\crop_data\test_set\Celeb-synthesis-crop\id47_id43_0008,0.9775675,0.999845,1
D:\project\crop_data\test_set\Celeb-synthesis-crop\id47_id44_0004,0.9761709,0.9988278,1
D:\project\crop_data\test_set\Celeb-synthesis-crop\id47_id44_0006,0.9930792,0.9999083,1
D:\project\crop_data\test_set\Celeb-synthesis-crop\id47_id44_0003,0.9497977,0.8787912,1
D:\project\crop_data\test_set\Celeb-synthesis-crop\id47_id44_0005,0.8340926,0.99993026,1
D:\project\crop_data\test_set\Celeb-synthesis-crop\id47_id44_0002,0.8593028,0.93224007,1
D:\project\crop_data\test_set\Celeb-synthesis-crop\id47_id44_0007,0.9813896,0.99689424,1
D:\project\crop_data\test_set\Celeb-synthesis-crop\id47_id44_0009,0.9894073,0.9998367,1
D:\project\crop_data\test_set\Celeb-synthesis-crop\id47_id45_0001,0.93267006,0.9999349,1
D:\project\crop_data\test_set\Celeb-synthesis-crop\id47_id44_0008,0.953268,0.99961734,1
D:\project\crop_data\test_set\Celeb-synthesis-crop\id47_id45_0000,0.9931795,0.8247453,1
D:\project\crop_data\test_set\Celeb-synthesis-crop\id47_id45_0003,0.94645894,0.97347397,1
D:\project\crop_data\test_set\Celeb-synthesis-crop\id47_id45_0005,0.7667112,0.92345697,1
D:\project\crop_data\test_set\Celeb-synthesis-crop\id47_id45_0004,0.7909771,0.999902,1
D:\project\crop_data\test_set\Celeb-synthesis-crop\id47_id45_0002,0.90502757,0.9676922,1
D:\project\crop_data\test_set\Celeb-synthesis-crop\id47_id45_0007,0.75209594,0.9774714,1
D:\project\crop_data\test_set\Celeb-synthesis-crop\id47_id45_0006,0.9548678,0.5791526,1
D:\project\crop_data\test_set\Celeb-synthesis-crop\id47_id45_0009,0.98856,0.99950427,1
D:\project\crop_data\test_set\Celeb-synthesis-crop\id47_id46_0001,0.98511964,0.9998888,1
D:\project\crop_data\test_set\Celeb-synthesis-crop\id47_id45_0008,0.9781823,0.999771,1
D:\project\crop_data\test_set\Celeb-synthesis-crop\id47_id46_0003,0.8975691,0.9996195,1
D:\project\crop_data\test_set\Celeb-synthesis-crop\id47_id46_0004,0.9688038,0.9999559,1
D:\project\crop_data\test_set\Celeb-synthesis-crop\id47_id46_0000,0.99922454,0.9997352,1
D:\project\crop_data\test_set\Celeb-synthesis-crop\id47_id46_0002,0.999504,0.9999247,1
D:\project\crop_data\test_set\Celeb-synthesis-crop\id47_id46_0005,0.8853187,0.98344535,1
D:\project\crop_data\test_set\Celeb-synthesis-crop\id47_id46_0007,0.87772477,0.99782526,1
D:\project\crop_data\test_set\Celeb-synthesis-crop\id47_id46_0006,0.9889753,0.7843272,1
D:\project\crop_data\test_set\Celeb-synthesis-crop\id47_id46_0009,0.99880457,0.99894595,1
D:\project\crop_data\test_set\Celeb-synthesis-crop\id47_id48_0001,0.9356065,0.99520713,1
D:\project\crop_data\test_set\Celeb-synthesis-crop\id47_id46_0008,0.98249495,0.9994709,1
D:\project\crop_data\test_set\Celeb-synthesis-crop\id47_id48_0003,0.94083583,0.9999225,1
D:\project\crop_data\test_set\Celeb-synthesis-crop\id47_id48_0000,0.9962834,0.99994284,1
D:\project\crop_data\test_set\Celeb-synthesis-crop\id47_id48_0004,0.9317873,0.9969817,1
D:\project\crop_data\test_set\Celeb-synthesis-crop\id47_id48_0007,0.9143761,0.99926186,1
D:\project\crop_data\test_set\Celeb-synthesis-crop\id47_id48_0002,0.9709847,0.9501231,1
D:\project\crop_data\test_set\Celeb-synthesis-crop\id47_id48_0006,0.9694186,0.99282336,1
D:\project\crop_data\test_set\Celeb-synthesis-crop\id47_id48_0005,0.943132,0.9165403,1
D:\project\crop_data\test_set\Celeb-synthesis-crop\id48_id39_0000,0.8887757,0.9996895,1
D:\project\crop_data\test_set\Celeb-synthesis-crop\id47_id48_0009,0.9986307,0.9373887,1
D:\project\crop_data\test_set\Celeb-synthesis-crop\id48_id39_0002,0.9454781,0.9681237,1
D:\project\crop_data\test_set\Celeb-synthesis-crop\id48_id39_0001,0.77112997,0.9999321,1
D:\project\crop_data\test_set\Celeb-synthesis-crop\id47_id48_0008,0.9942835,0.9685947,1
D:\project\crop_data\test_set\Celeb-synthesis-crop\id48_id39_0007,0.55904025,0.99937373,1
D:\project\crop_data\test_set\Celeb-synthesis-crop\id48_id39_0006,0.99586284,0.9961236,1
D:\project\crop_data\test_set\Celeb-synthesis-crop\id48_id39_0005,0.82415366,0.23183267,1
D:\project\crop_data\test_set\Celeb-synthesis-crop\id48_id39_0004,0.73159295,0.99979043,1
D:\project\crop_data\test_set\Celeb-synthesis-crop\id48_id39_0003,0.9262417,0.9998615,1
D:\project\crop_data\test_set\Celeb-synthesis-crop\id48_id39_0009,0.92778003,0.98283213,1
D:\project\crop_data\test_set\Celeb-synthesis-crop\id48_id39_0008,0.653683,0.99924237,1
D:\project\crop_data\test_set\Celeb-synthesis-crop\id48_id40_0000,0.88605523,0.8618789,1
D:\project\crop_data\test_set\Celeb-synthesis-crop\id48_id40_0002,0.38398108,0.70732725,1
D:\project\crop_data\test_set\Celeb-synthesis-crop\id48_id40_0001,0.61164486,0.3658066,1
D:\project\crop_data\test_set\Celeb-synthesis-crop\id48_id40_0007,0.55857307,0.9945002,1
D:\project\crop_data\test_set\Celeb-synthesis-crop\id48_id40_0006,0.96844417,0.91444814,1
D:\project\crop_data\test_set\Celeb-synthesis-crop\id48_id40_0005,0.97713387,0.9862209,1
D:\project\crop_data\test_set\Celeb-synthesis-crop\id48_id40_0004,0.33119097,0.9753029,1
D:\project\crop_data\test_set\Celeb-synthesis-crop\id48_id40_0008,0.9418214,0.4366964,1
D:\project\crop_data\test_set\Celeb-synthesis-crop\id48_id40_0003,0.90590906,0.9998246,1
D:\project\crop_data\test_set\Celeb-synthesis-crop\id48_id40_0009,0.97489375,0.9948485,1
D:\project\crop_data\test_set\Celeb-synthesis-crop\id48_id41_0002,0.6650257,0.4264964,1
D:\project\crop_data\test_set\Celeb-synthesis-crop\id48_id41_0001,0.52759457,0.6150308,1
D:\project\crop_data\test_set\Celeb-synthesis-crop\id48_id41_0003,0.8982692,0.9814594,1
D:\project\crop_data\test_set\Celeb-synthesis-crop\id48_id41_0007,0.35595024,0.10077871,1
D:\project\crop_data\test_set\Celeb-synthesis-crop\id48_id41_0006,0.9707471,0.9978297,1
D:\project\crop_data\test_set\Celeb-synthesis-crop\id48_id41_0004,0.37070572,0.6566634,1
D:\project\crop_data\test_set\Celeb-synthesis-crop\id48_id42_0000,0.57224256,0.7655394,1
D:\project\crop_data\test_set\Celeb-synthesis-crop\id48_id41_0009,0.60483617,0.76538515,1
D:\project\crop_data\test_set\Celeb-synthesis-crop\id48_id42_0001,0.75579524,0.6347422,1
D:\project\crop_data\test_set\Celeb-synthesis-crop\id48_id42_0002,0.93601036,0.95793384,1
D:\project\crop_data\test_set\Celeb-synthesis-crop\id48_id42_0004,0.6856049,0.9575496,1
D:\project\crop_data\test_set\Celeb-synthesis-crop\id48_id42_0003,0.92192155,0.9919006,1
D:\project\crop_data\test_set\Celeb-synthesis-crop\id48_id42_0005,0.5723449,0.9639372,1
D:\project\crop_data\test_set\Celeb-synthesis-crop\id48_id42_0006,0.9316495,0.9531082,1
D:\project\crop_data\test_set\YouTube-real-crop\00210,0.77539957,0.9109246,0
D:\project\crop_data\test_set\YouTube-real-crop\00213,0.7407269,0.20156288,0
D:\project\crop_data\test_set\YouTube-real-crop\00212,0.33323276,0.27813917,0
D:\project\crop_data\test_set\YouTube-real-crop\00214,0.3012225,0.13040088,0
D:\project\crop_data\test_set\YouTube-real-crop\00211,0.061276924,0.8676704,0
D:\project\crop_data\test_set\YouTube-real-crop\00218,0.5361938,0.5427588,0
D:\project\crop_data\test_set\YouTube-real-crop\00216,0.83315057,0.85553336,0
D:\project\crop_data\test_set\YouTube-real-crop\00217,0.731641,0.92336977,0
D:\project\crop_data\test_set\YouTube-real-crop\00215,0.84492844,0.7817127,0
D:\project\crop_data\test_set\YouTube-real-crop\00220,0.70554787,0.9861506,0
D:\project\crop_data\test_set\YouTube-real-crop\00219,0.69306016,0.2318171,0
D:\project\crop_data\test_set\YouTube-real-crop\00222,0.7345727,0.087484516,0
D:\project\crop_data\test_set\YouTube-real-crop\00221,0.90242124,0.91441697,0
D:\project\crop_data\test_set\YouTube-real-crop\00226,0.681121,0.5892045,0
D:\project\crop_data\test_set\YouTube-real-crop\00223,0.13599055,0.1528651,0
D:\project\crop_data\test_set\YouTube-real-crop\00224,0.4212453,0.00023442006,0
D:\project\crop_data\test_set\YouTube-real-crop\00227,0.9291196,0.3172995,0
D:\project\crop_data\test_set\YouTube-real-crop\00225,0.008524621,0.6941679,0
D:\project\crop_data\test_set\YouTube-real-crop\00229,0.000320131,0.5266774,0
D:\project\crop_data\test_set\YouTube-real-crop\00228,0.17810734,0.00020734043,0
D:\project\crop_data\test_set\YouTube-real-crop\00230,0.10670986,0.1548353,0
D:\project\crop_data\test_set\YouTube-real-crop\00231,0.5849963,0.7312324,0
D:\project\crop_data\test_set\YouTube-real-crop\00232,0.7679056,0.030349655,0
D:\project\crop_data\test_set\YouTube-real-crop\00233,0.106232174,0.9267237,0
D:\project\crop_data\test_set\YouTube-real-crop\00237,0.62251556,0.029106205,0
D:\project\crop_data\test_set\YouTube-real-crop\00236,0.68065345,0.029942656,0
D:\project\crop_data\test_set\YouTube-real-crop\00238,0.9825466,0.013831632,0
D:\project\crop_data\test_set\YouTube-real-crop\00234,0.44645023,0.062335704,0
D:\project\crop_data\test_set\YouTube-real-crop\00235,0.09987629,0.9880121,0
D:\project\crop_data\test_set\YouTube-real-crop\00240,0.8019429,0.8987575,0
D:\project\crop_data\test_set\YouTube-real-crop\00239,0.32682604,0.99772555,0
D:\project\crop_data\test_set\YouTube-real-crop\00241,0.9107878,0.0138241835,0
D:\project\crop_data\test_set\YouTube-real-crop\00246,0.6814307,0.59755665,0
D:\project\crop_data\test_set\YouTube-real-crop\00247,0.8791945,0.06990155,0
D:\project\crop_data\test_set\YouTube-real-crop\00244,0.72931844,0.7272218,0
D:\project\crop_data\test_set\YouTube-real-crop\00243,0.08545616,0.70520437,0
D:\project\crop_data\test_set\YouTube-real-crop\00245,0.49584493,0.48949277,0
D:\project\crop_data\test_set\YouTube-real-crop\00242,0.7438689,0.08863971,0
D:\project\crop_data\test_set\YouTube-real-crop\00251,0.61250585,0.034669288,0
D:\project\crop_data\test_set\YouTube-real-crop\00249,0.6884705,0.6608435,0
D:\project\crop_data\test_set\YouTube-real-crop\00248,0.5775475,0.5627294,0
D:\project\crop_data\test_set\YouTube-real-crop\00250,0.74736905,0.24338236,0
D:\project\crop_data\test_set\YouTube-real-crop\00254,0.8398897,0.0383684,0
D:\project\crop_data\test_set\YouTube-real-crop\00253,0.0110312,0.0026232665,0
D:\project\crop_data\test_set\YouTube-real-crop\00252,0.20192234,0.07604046,0
